match_number,date,home_team,away_team,stage,group,home_prob_mult,draw_prob_mult,away_prob_mult,home_goals_adjust,away_goals_adjust,forced_outcome,forced_score,note
1,2026-06-11,Mexico,South Africa,Group Stage,A,,,,,,,,
2,2026-06-11,South Korea,Czech Republic,Group Stage,A,,,,,,,,
3,2026-06-12,Canada,Bosnia and Herzegovina,Group Stage,B,,,,,,,,
4,2026-06-12,United States,Paraguay,Group Stage,D,,,,,,,,
5,2026-06-13,Qatar,Switzerland,Group Stage,B,,,,,,,,
6,2026-06-13,Brazil,Morocco,Group Stage,C,,,,,,,,
7,2026-06-13,Haiti,Scotland,Group Stage,C,,,,,,,,
8,2026-06-14,Australia,Turkey,Group Stage,D,,,,,,,,
9,2026-06-14,Germany,Curaçao,Group Stage,E,,,,,,,,
10,2026-06-14,Netherlands,Japan,Group Stage,F,,,,,,,,
11,2026-06-14,Ivory Coast,Ecuador,Group Stage,E,,,,,,,,
12,2026-06-14,Sweden,Tunisia,Group Stage,F,,,,,,,,
13,2026-06-15,Spain,Cape Verde,Group Stage,H,,,,,,,,
14,2026-06-15,Belgium,Egypt,Group Stage,G,,,,,,,,
15,2026-06-15,Saudi Arabia,Uruguay,Group Stage,H,,,,,,,,
16,2026-06-15,Iran,New Zealand,Group Stage,G,,,,,,,,
17,2026-06-16,France,Senegal,Group Stage,I,,,,,,,,
18,2026-06-16,Iraq,Norway,Group Stage,I,,,,,,,,
19,2026-06-16,Argentina,Algeria,Group Stage,J,,,,,,,,
20,2026-06-17,Austria,Jordan,Group Stage,J,,,,,,,,
21,2026-06-17,Portugal,DR Congo,Group Stage,K,,,,,,,,
22,2026-06-17,England,Croatia,Group Stage,L,,,,,,,,
23,2026-06-17,Ghana,Panama,Group Stage,L,,,,,,,,
24,2026-06-17,Uzbekistan,Colombia,Group Stage,K,,,,,,,,
25,2026-06-18,Czech Republic,South Africa,Group Stage,A,,,,,,,,
26,2026-06-18,Switzerland,Bosnia and Herzegovina,Group Stage,B,,,,,,,,
27,2026-06-18,Canada,Qatar,Group Stage,B,,,,,,,,
28,2026-06-18,Mexico,South Korea,Group Stage,A,,,,,,,,
29,2026-06-19,United States,Australia,Group Stage,D,,,,,,,,
30,2026-06-19,Scotland,Morocco,Group Stage,C,,,,,,,,
31,2026-06-19,Brazil,Haiti,Group Stage,C,,,,,,,,
32,2026-06-20,Turkey,Paraguay,Group Stage,D,,,,,,,,
33,2026-06-20,Netherlands,Sweden,Group Stage,F,,,,,,,,
34,2026-06-20,Germany,Ivory Coast,Group Stage,E,,,,,,,,
35,2026-06-20,Ecuador,Curaçao,Group Stage,E,,,,,,,,
36,2026-06-21,Tunisia,Japan,Group Stage,F,,,,,,,,
37,2026-06-21,Spain,Saudi Arabia,Group Stage,H,,,,,,,,
38,2026-06-21,Belgium,Iran,Group Stage,G,,,,,,,,
39,2026-06-21,Uruguay,Cape Verde,Group Stage,H,,,,,,,,
40,2026-06-21,New Zealand,Egypt,Group Stage,G,,,,,,,,
41,2026-06-22,Argentina,Austria,Group Stage,J,,,,,,,,
42,2026-06-22,France,Iraq,Group Stage,I,,,,,,,,
43,2026-06-22,Norway,Senegal,Group Stage,I,,,,,,,,
44,2026-06-22,Jordan,Algeria,Group Stage,J,,,,,,,,
45,2026-06-23,Portugal,Uzbekistan,Group Stage,K,,,,,,,,
46,2026-06-23,England,Ghana,Group Stage,L,,,,,,,,
47,2026-06-23,Panama,Croatia,Group Stage,L,,,,,,,,
48,2026-06-23,Colombia,DR Congo,Group Stage,K,,,,,,,,
49,2026-06-24,Bosnia and Herzegovina,Qatar,Group Stage,B,,,,,,,,
50,2026-06-24,Switzerland,Canada,Group Stage,B,,,,,,,,
51,2026-06-24,Scotland,Brazil,Group Stage,C,,,,,,,,
52,2026-06-24,Morocco,Haiti,Group Stage,C,,,,,,,,
53,2026-06-24,Czech Republic,Mexico,Group Stage,A,,,,,,,,
54,2026-06-24,South Africa,South Korea,Group Stage,A,,,,,,,,
55,2026-06-25,Curaçao,Ivory Coast,Group Stage,E,,,,,,,,
56,2026-06-25,Ecuador,Germany,Group Stage,E,,,,,,,,
57,2026-06-25,Japan,Sweden,Group Stage,F,,,,,,,,
58,2026-06-25,Tunisia,Netherlands,Group Stage,F,,,,,,,,
59,2026-06-25,Paraguay,Australia,Group Stage,D,,,,,,,,
60,2026-06-25,Turkey,United States,Group Stage,D,,,,,,,,
61,2026-06-26,Norway,France,Group Stage,I,,,,,,,,
62,2026-06-26,Senegal,Iraq,Group Stage,I,,,,,,,,
63,2026-06-26,Cape Verde,Saudi Arabia,Group Stage,H,,,,,,,,
64,2026-06-26,Uruguay,Spain,Group Stage,H,,,,,,,,
65,2026-06-26,New Zealand,Belgium,Group Stage,G,,,,,,,,
66,2026-06-26,Egypt,Iran,Group Stage,G,,,,,,,,
67,2026-06-27,Croatia,Ghana,Group Stage,L,,,,,,,,
68,2026-06-27,Panama,England,Group Stage,L,,,,,,,,
69,2026-06-27,Colombia,Portugal,Group Stage,K,,,,,,,,
70,2026-06-27,DR Congo,Uzbekistan,Group Stage,K,,,,,,,,
71,2026-06-27,Algeria,Austria,Group Stage,J,,,,,,,,
72,2026-06-27,Jordan,Argentina,Group Stage,J,,,,,,,,
73,2026-06-28,2A,2B,Round of 32,2A vs 2B,,,,,,,,
74,2026-06-29,1C,2F,Round of 32,1C vs 2F,,,,,,,,
75,2026-06-29,1E,3ABCDF,Round of 32,1E vs 3ABCDF,,,,,,,,
76,2026-06-29,1F,2C,Round of 32,1F vs 2C,,,,,,,,
77,2026-06-30,2E,2I,Round of 32,2E vs 2I,,,,,,,,
78,2026-06-30,1I,3CDFGH,Round of 32,1I vs 3CDFGH,,,,,,,,
79,2026-06-30,1A,3CEFHI,Round of 32,1A vs 3CEFHI,,,,,,,,
80,2026-07-01,1L,3EHIJK,Round of 32,1L vs 3EHIJK,,,,,,,,
81,2026-07-01,1G,3AEHIJ,Round of 32,1G vs 3AEHIJ,,,,,,,,
82,2026-07-01,1D,3BEFIJ,Round of 32,1D vs 3BEFIJ,,,,,,,,
83,2026-07-02,1H,2J,Round of 32,1H vs 2J,,,,,,,,
84,2026-07-02,2K,2L,Round of 32,2K vs 2L,,,,,,,,
85,2026-07-02,1B,3EFGIJ,Round of 32,1B vs 3EFGIJ,,,,,,,,
86,2026-07-03,2D,2G,Round of 32,2D vs 2G,,,,,,,,
87,2026-07-03,1J,2H,Round of 32,1J vs 2H,,,,,,,,
88,2026-07-03,1K,3DEIJL,Round of 32,1K vs 3DEIJL,,,,,,,,
89,2026-07-04,W73,W75,Round of 16,W73 vs W75,,,,,,,,
90,2026-07-04,W74,W77,Round of 16,W74 vs W77,,,,,,,,
91,2026-07-05,W76,W78,Round of 16,W76 vs W78,,,,,,,,
92,2026-07-05,W79,W80,Round of 16,W79 vs W80,,,,,,,,
93,2026-07-06,W83,W84,Round of 16,W83 vs W84,,,,,,,,
94,2026-07-06,W81,W82,Round of 16,W81 vs W82,,,,,,,,
95,2026-07-07,W86,W88,Round of 16,W86 vs W88,,,,,,,,
96,2026-07-07,W85,W87,Round of 16,W85 vs W87,,,,,,,,
97,2026-07-09,W89,W90,Quarterfinals,W89 vs W90,,,,,,,,
98,2026-07-10,W93,W94,Quarterfinals,W93 vs W94,,,,,,,,
99,2026-07-11,W91,W92,Quarterfinals,W91 vs W92,,,,,,,,
100,2026-07-11,W95,W100,Quarterfinals,W95 vs W100,,,,,,,,
101,2026-07-14,W97,W98,Semifinals,W97 vs W98,,,,,,,,
102,2026-07-15,W99,W100,Semifinals,W99 vs W100,,,,,,,,
103,2026-07-18,RU101,RU102,Third Place Playoff,RU101 vs RU102,,,,,,,,
104,2026-07-19,W101,W102,Final,W101 vs W102,,,,,,,,
