date,match_number,tournament,stage,group,home_team,away_team,city,country,venue,neutral,home_is_placeholder,away_is_placeholder,odds_available,home_odds,draw_odds,away_odds,max_home_odds,max_draw_odds,max_away_odds,n_odds_home_win,n_odds_draw,n_odds_away_win,oddsportal_event_id,oddsportal_encoded_event_id,oddsportal_kickoff_utc,oddsportal_detail_url,merge_source,oddsportal_home_team,oddsportal_away_team,oddsportal_date_utc,oddsportal_source_url,local_home_team,local_away_team,local_kickoff_at,placeholder_home_label,placeholder_away_label,scraped_at_utc
2026-06-11,1,FIFA World Cup,Group Stage,A,Mexico,South Africa,Mexico City,Mexico,Estadio Azteca,False,False,False,0,,,,,,,,,,,,,,local_fixture_skeleton_no_odds,,,,,Mexico,South Africa,2026-06-11 15:00:00-06,,,2026-06-14T11:49:09.310Z
2026-06-11,2,FIFA World Cup,Group Stage,A,South Korea,Winner UEFA Playoff D,Guadalajara,Mexico,Estadio Akron,True,False,True,0,,,,,,,,,,,,,,local_fixture_skeleton_no_odds,,,,,South Korea,Winner UEFA Playoff D,2026-06-11 22:00:00-06,,,2026-06-14T11:49:09.311Z
2026-06-12,3,FIFA World Cup,Group Stage,B,Canada,Winner UEFA Playoff A,Toronto,Canada,BMO Field,False,False,True,0,,,,,,,,,,,,,,local_fixture_skeleton_no_odds,,,,,Canada,Winner UEFA Playoff A,2026-06-12 15:00:00-04,,,2026-06-14T11:49:09.311Z
2026-06-12,4,FIFA World Cup,Group Stage,D,United States,Paraguay,Los Angeles,United States,SoFi Stadium,False,False,False,0,,,,,,,,,,,,,,local_fixture_skeleton_no_odds,,,,,United States,Paraguay,2026-06-12 21:00:00-07,,,2026-06-14T11:49:09.311Z
2026-06-13,5,FIFA World Cup,Group Stage,B,Qatar,Switzerland,San Francisco Bay Area,United States,Levi's Stadium,True,False,False,0,,,,,,,,,,,,,,local_fixture_skeleton_no_odds,,,,,Qatar,Switzerland,2026-06-13 15:00:00-07,,,2026-06-14T11:49:09.311Z
2026-06-13,6,FIFA World Cup,Group Stage,C,Brazil,Morocco,New York/New Jersey,United States,MetLife Stadium,True,False,False,0,,,,,,,,,,,,,,local_fixture_skeleton_no_odds,,,,,Brazil,Morocco,2026-06-13 18:00:00-04,,,2026-06-14T11:49:09.311Z
2026-06-13,7,FIFA World Cup,Group Stage,C,Haiti,Scotland,Boston,United States,Gillette Stadium,True,False,False,1,5.51,4.33,1.57,7,4.7,1.62,4,4,4,9698991,QBBoaW63,2026-06-14T01:00:00.000Z,https://www.oddsportal.com/football/h2h/haiti-nk4v10Z1/scotland-fZRU25WH/#QBBoaW63,oddsportal_group_fixture,Haiti,Scotland,2026-06-14,https://www.oddsportal.com/football/world/world-cup/,Haiti,Scotland,2026-06-13 21:00:00-04,,,2026-06-14T11:49:09.307Z
2026-06-14,8,FIFA World Cup,Group Stage,D,Australia,Turkey,Vancouver,Canada,BC Place,True,False,False,1,5.34,3.69,1.69,5.6,3.75,1.7,4,4,4,10222145,nLNXPs35,2026-06-14T04:00:00.000Z,https://www.oddsportal.com/football/h2h/australia-xSrf6qMM/turkey-QeijuHo5/#nLNXPs35,oddsportal_group_fixture,Australia,Turkey,2026-06-14,https://www.oddsportal.com/football/world/world-cup/,Australia,Winner UEFA Playoff C,2026-06-14 00:00:00-07,,,2026-06-14T11:49:09.307Z
2026-06-14,9,FIFA World Cup,Group Stage,E,Germany,Curaçao,Houston,United States,NRG Stadium,True,False,False,1,1.04,17.38,36.25,1.05,20,46,4,4,4,9699007,dtiRRcc6,2026-06-14T17:00:00.000Z,https://www.oddsportal.com/football/h2h/curacao-bLLGpOkQ/germany-ptQide1O/#dtiRRcc6,oddsportal_group_fixture,Germany,Curacao,2026-06-14,https://www.oddsportal.com/football/world/world-cup/,Germany,Curaçao,2026-06-14 13:00:00-05,,,2026-06-14T11:49:09.307Z
2026-06-14,10,FIFA World Cup,Group Stage,F,Netherlands,Japan,Dallas,United States,AT&T Stadium,True,False,False,1,2.03,3.48,3.61,2.05,3.5,3.7,4,4,4,9699019,4SV9xFBO,2026-06-14T20:00:00.000Z,https://www.oddsportal.com/football/h2h/japan-ULXPdOUj/netherlands-WYintcWb/#4SV9xFBO,oddsportal_group_fixture,Netherlands,Japan,2026-06-14,https://www.oddsportal.com/football/world/world-cup/,Netherlands,Japan,2026-06-14 16:00:00-05,,,2026-06-14T11:49:09.307Z
2026-06-14,11,FIFA World Cup,Group Stage,E,Ivory Coast,Ecuador,Philadelphia,United States,Lincoln Financial Field,True,False,False,1,3.31,2.81,2.53,3.4,2.85,2.55,4,4,4,9699009,h8pzQySI,2026-06-14T23:00:00.000Z,https://www.oddsportal.com/football/h2h/ecuador-8tbm8Tri/ivory-coast-G2FRjBgn/#h8pzQySI,oddsportal_group_fixture,Ivory Coast,Ecuador,2026-06-14,https://www.oddsportal.com/football/world/world-cup/,Côte d'Ivoire,Ecuador,2026-06-14 19:00:00-04,,,2026-06-14T11:49:09.307Z
2026-06-14,12,FIFA World Cup,Group Stage,F,Sweden,Tunisia,Monterrey,Mexico,Estadio BBVA,True,False,False,1,1.94,3.36,4.1,1.95,3.45,4.2,4,4,4,10222157,UaJKzaHN,2026-06-15T02:00:00.000Z,https://www.oddsportal.com/football/h2h/sweden-OQyqbHWB/tunisia-QqZVYk95/#UaJKzaHN,oddsportal_group_fixture,Sweden,Tunisia,2026-06-15,https://www.oddsportal.com/football/world/world-cup/,Winner UEFA Playoff B,Tunisia,2026-06-14 22:00:00-06,,,2026-06-14T11:49:09.307Z
2026-06-15,13,FIFA World Cup,Group Stage,H,Spain,Cape Verde,Atlanta,United States,Mercedes-Benz Stadium,True,False,False,1,1.09,11.13,24,1.11,12,26,4,4,4,9699037,Iiqjm5Pq,2026-06-15T16:00:00.000Z,https://www.oddsportal.com/football/h2h/cape-verde-MocyWdm7/spain-bLyo6mco/#Iiqjm5Pq,oddsportal_group_fixture,Spain,Cape Verde,2026-06-15,https://www.oddsportal.com/football/world/world-cup/,Spain,Cape Verde,2026-06-15 12:00:00-04,,,2026-06-14T11:49:09.307Z
2026-06-15,14,FIFA World Cup,Group Stage,G,Belgium,Egypt,Seattle,United States,Lumen Field,True,False,False,1,1.6,3.88,5.6,1.62,3.9,5.9,4,4,4,9699025,dG7zgzd5,2026-06-15T19:00:00.000Z,https://www.oddsportal.com/football/h2h/belgium-GbB957na/egypt-bejDn7NN/#dG7zgzd5,oddsportal_group_fixture,Belgium,Egypt,2026-06-15,https://www.oddsportal.com/football/world/world-cup/,Belgium,Egypt,2026-06-15 15:00:00-07,,,2026-06-14T11:49:09.307Z
2026-06-15,15,FIFA World Cup,Group Stage,H,Saudi Arabia,Uruguay,Miami,United States,Hard Rock Stadium,True,False,False,1,7.69,4.39,1.44,8,4.5,1.45,4,4,4,9699039,Olnboqfd,2026-06-15T22:00:00.000Z,https://www.oddsportal.com/football/h2h/saudi-arabia-biSY8ox4/uruguay-xMk44orG/#Olnboqfd,oddsportal_group_fixture,Saudi Arabia,Uruguay,2026-06-15,https://www.oddsportal.com/football/world/world-cup/,Saudi Arabia,Uruguay,2026-06-15 18:00:00-04,,,2026-06-14T11:49:09.307Z
2026-06-15,16,FIFA World Cup,Group Stage,G,Iran,New Zealand,Los Angeles,United States,SoFi Stadium,True,False,False,1,1.83,3.41,4.71,1.83,3.45,4.8,4,4,4,9699027,4tBriEQH,2026-06-16T01:00:00.000Z,https://www.oddsportal.com/football/h2h/iran-xrRx85iA/new-zealand-rLctHkpU/#4tBriEQH,oddsportal_group_fixture,Iran,New Zealand,2026-06-16,https://www.oddsportal.com/football/world/world-cup/,Iran,New Zealand,2026-06-15 21:00:00-07,,,2026-06-14T11:49:09.307Z
2026-06-16,17,FIFA World Cup,Group Stage,I,France,Senegal,New York/New Jersey,United States,MetLife Stadium,True,False,False,1,1.47,4.37,7,1.48,4.4,7,4,4,4,9699049,ALxYcMw2,2026-06-16T19:00:00.000Z,https://www.oddsportal.com/football/h2h/france-QkGeVG1n/senegal-hOIsJLJr/#ALxYcMw2,oddsportal_group_fixture,France,Senegal,2026-06-16,https://www.oddsportal.com/football/world/world-cup/,France,Senegal,2026-06-16 15:00:00-04,,,2026-06-14T11:49:09.307Z
2026-06-16,18,FIFA World Cup,Group Stage,I,Iraq,Norway,Boston,United States,Gillette Stadium,True,False,False,1,14,7,1.19,15,7,1.2,4,4,4,10222293,n9TEVLhA,2026-06-16T22:00:00.000Z,https://www.oddsportal.com/football/h2h/iraq-K8aAGt6r/norway-8rP6JO0H/#n9TEVLhA,oddsportal_group_fixture,Iraq,Norway,2026-06-16,https://www.oddsportal.com/football/world/world-cup/,Winner FIFA Playoff 2,Norway,2026-06-16 18:00:00-04,,,2026-06-14T11:49:09.307Z
2026-06-16,19,FIFA World Cup,Group Stage,J,Argentina,Algeria,Kansas City,United States,Arrowhead Stadium,True,False,False,1,1.39,4.61,8.63,1.4,4.75,9.5,4,4,4,9699055,UP9bEsOr,2026-06-17T01:00:00.000Z,https://www.oddsportal.com/football/h2h/algeria-nc87N1BR/argentina-f9OppQjp/#UP9bEsOr,oddsportal_group_fixture,Argentina,Algeria,2026-06-17,https://www.oddsportal.com/football/world/world-cup/,Argentina,Algeria,2026-06-16 21:00:00-05,,,2026-06-14T11:49:09.307Z
2026-06-17,20,FIFA World Cup,Group Stage,J,Austria,Jordan,San Francisco Bay Area,United States,Levi's Stadium,True,False,False,1,1.33,5.35,8.69,1.34,5.5,9,4,4,4,9699057,OO27CLhe,2026-06-17T04:00:00.000Z,https://www.oddsportal.com/football/h2h/austria-naHiWdnt/jordan-vNcmJoU2/#OO27CLhe,oddsportal_group_fixture,Austria,Jordan,2026-06-17,https://www.oddsportal.com/football/world/world-cup/,Austria,Jordan,2026-06-17 00:00:00-07,,,2026-06-14T11:49:09.307Z
2026-06-17,21,FIFA World Cup,Group Stage,K,Portugal,DR Congo,Houston,United States,NRG Stadium,True,False,False,1,1.28,5.74,10.44,1.29,5.75,11,4,4,4,10222225,4zTHJLbM,2026-06-17T17:00:00.000Z,https://www.oddsportal.com/football/h2h/d-r-congo-phn9mm8H/portugal-WvJrjFVN/#4zTHJLbM,oddsportal_group_fixture,Portugal,D.R. Congo,2026-06-17,https://www.oddsportal.com/football/world/world-cup/,Portugal,Winner FIFA Playoff 1,2026-06-17 13:00:00-05,,,2026-06-14T11:49:09.307Z
2026-06-17,22,FIFA World Cup,Group Stage,L,England,Croatia,Dallas,United States,AT&T Stadium,True,False,False,1,1.72,3.72,4.89,1.73,3.8,5.1,4,4,4,9699073,b5qGuKMs,2026-06-17T20:00:00.000Z,https://www.oddsportal.com/football/h2h/croatia-K8aznggo/england-j9N9ZNFA/#b5qGuKMs,oddsportal_group_fixture,England,Croatia,2026-06-17,https://www.oddsportal.com/football/world/world-cup/,England,Croatia,2026-06-17 16:00:00-05,,,2026-06-14T11:49:09.307Z
2026-06-17,23,FIFA World Cup,Group Stage,L,Ghana,Panama,Toronto,Canada,BMO Field,True,False,False,1,2.15,3.38,3.43,2.2,3.5,3.5,4,4,4,9699075,jD1Nwbif,2026-06-17T23:00:00.000Z,https://www.oddsportal.com/football/h2h/ghana-nNBjHale/panama-OWKqbCfi/#jD1Nwbif,oddsportal_group_fixture,Ghana,Panama,2026-06-17,https://www.oddsportal.com/football/world/world-cup/,Ghana,Panama,2026-06-17 19:00:00-04,,,2026-06-14T11:49:09.307Z
2026-06-17,24,FIFA World Cup,Group Stage,K,Uzbekistan,Colombia,Mexico City,Mexico,Estadio Banorte,True,False,False,1,8.81,4.66,1.39,9.5,4.75,1.4,4,4,4,9699067,jaMlPbx1,2026-06-18T02:00:00.000Z,https://www.oddsportal.com/football/h2h/colombia-G02s4PCS/uzbekistan-EZYKKRMc/#jaMlPbx1,oddsportal_group_fixture,Uzbekistan,Colombia,2026-06-18,https://www.oddsportal.com/football/world/world-cup/,Uzbekistan,Colombia,2026-06-17 22:00:00-06,,,2026-06-14T11:49:09.307Z
2026-06-18,25,FIFA World Cup,Group Stage,A,Czech Republic,South Africa,Atlanta,United States,Mercedes-Benz Stadium,True,False,False,1,1.76,3.7,4.6,1.8,3.75,4.9,4,4,4,10222193,8nrACRTs,2026-06-18T16:00:00.000Z,https://www.oddsportal.com/football/h2h/czech-republic-6LHwBDGU/south-africa-W2ijYvlr/#8nrACRTs,oddsportal_group_fixture,Czech Republic,South Africa,2026-06-18,https://www.oddsportal.com/football/world/world-cup/,Winner UEFA Playoff D,South Africa,2026-06-18 12:00:00-04,,,2026-06-14T11:49:09.307Z
2026-06-18,26,FIFA World Cup,Group Stage,B,Switzerland,Bosnia and Herzegovina,Los Angeles,United States,SoFi Stadium,True,False,False,1,1.58,4,5.75,1.6,4.1,6,4,4,4,10222199,djmY6NcJ,2026-06-18T19:00:00.000Z,https://www.oddsportal.com/football/h2h/bosnia-herzegovina-fqe7WYTr/switzerland-rHJ2vy1B/#djmY6NcJ,oddsportal_group_fixture,Switzerland,Bosnia & Herzegovina,2026-06-18,https://www.oddsportal.com/football/world/world-cup/,Switzerland,Winner UEFA Playoff A,2026-06-18 15:00:00-07,,,2026-06-14T11:49:09.307Z
2026-06-18,27,FIFA World Cup,Group Stage,B,Canada,Qatar,Vancouver,Canada,BC Place,False,False,False,1,1.27,5.64,11,1.29,5.8,12,4,4,4,9698985,67vLrBMM,2026-06-18T22:00:00.000Z,https://www.oddsportal.com/football/h2h/canada-x4toKORL/qatar-zqzHL77i/#67vLrBMM,oddsportal_group_fixture,Canada,Qatar,2026-06-18,https://www.oddsportal.com/football/world/world-cup/,Canada,Qatar,2026-06-18 18:00:00-07,,,2026-06-14T11:49:09.307Z
2026-06-18,28,FIFA World Cup,Group Stage,A,Mexico,South Korea,Guadalajara,Mexico,Estadio Akron,False,False,False,1,1.97,3.28,4.16,2,3.35,4.33,4,4,4,9698979,On5HOkVj,2026-06-19T01:00:00.000Z,https://www.oddsportal.com/football/h2h/mexico-O6iHcNkd/south-korea-K6Gs7P6G/#On5HOkVj,oddsportal_group_fixture,Mexico,South Korea,2026-06-19,https://www.oddsportal.com/football/world/world-cup/,Mexico,South Korea,2026-06-18 21:00:00-06,,,2026-06-14T11:49:09.307Z
2026-06-19,29,FIFA World Cup,Group Stage,D,United States,Australia,Seattle,United States,Lumen Field,False,False,False,1,1.59,4.13,5.39,1.61,4.3,5.8,4,4,4,9699003,S0aAVubs,2026-06-19T19:00:00.000Z,https://www.oddsportal.com/football/h2h/australia-xSrf6qMM/usa-fuitL4CF/#S0aAVubs,oddsportal_group_fixture,USA,Australia,2026-06-19,https://www.oddsportal.com/football/world/world-cup/,United States,Australia,2026-06-19 15:00:00-07,,,2026-06-14T11:49:09.307Z
2026-06-19,30,FIFA World Cup,Group Stage,C,Scotland,Morocco,Boston,United States,Gillette Stadium,True,False,False,1,4.86,3.54,1.76,5.2,3.6,1.8,4,4,4,9698993,nRafcAyG,2026-06-19T22:00:00.000Z,https://www.oddsportal.com/football/h2h/morocco-IDKYO3R8/scotland-fZRU25WH/#nRafcAyG,oddsportal_group_fixture,Scotland,Morocco,2026-06-19,https://www.oddsportal.com/football/world/world-cup/,Scotland,Morocco,2026-06-19 18:00:00-04,,,2026-06-14T11:49:09.307Z
2026-06-19,31,FIFA World Cup,Group Stage,C,Brazil,Haiti,Philadelphia,United States,Lincoln Financial Field,True,False,False,1,1.11,9.94,20.13,1.13,11,21,4,4,4,9698995,IRyRv2Ll,2026-06-20T00:30:00.000Z,https://www.oddsportal.com/football/h2h/brazil-I9l9aqLq/haiti-nk4v10Z1/#IRyRv2Ll,oddsportal_group_fixture,Brazil,Haiti,2026-06-20,https://www.oddsportal.com/football/world/world-cup/,Brazil,Haiti,2026-06-19 21:00:00-04,,,2026-06-14T11:49:09.307Z
2026-06-20,32,FIFA World Cup,Group Stage,D,Turkey,Paraguay,San Francisco Bay Area,United States,Levi's Stadium,True,False,False,1,2,3.3,3.97,2.05,3.4,4.2,4,4,4,10222147,KnyuOLXH,2026-06-20T03:00:00.000Z,https://www.oddsportal.com/football/h2h/paraguay-YaNlqp6j/turkey-QeijuHo5/#KnyuOLXH,oddsportal_group_fixture,Turkey,Paraguay,2026-06-20,https://www.oddsportal.com/football/world/world-cup/,Winner UEFA Playoff C,Paraguay,2026-06-20 00:00:00-07,,,2026-06-14T11:49:09.307Z
2026-06-20,33,FIFA World Cup,Group Stage,F,Netherlands,Sweden,Houston,United States,NRG Stadium,True,False,False,1,1.63,3.93,4.96,1.65,4.1,5.25,4,4,4,10222159,0rAjVxuo,2026-06-20T17:00:00.000Z,https://www.oddsportal.com/football/h2h/netherlands-WYintcWb/sweden-OQyqbHWB/#0rAjVxuo,oddsportal_group_fixture,Netherlands,Sweden,2026-06-20,https://www.oddsportal.com/football/world/world-cup/,Netherlands,Winner UEFA Playoff B,2026-06-20 13:00:00-05,,,2026-06-14T11:49:09.307Z
2026-06-20,34,FIFA World Cup,Group Stage,E,Germany,Ivory Coast,Toronto,Canada,BMO Field,True,False,False,1,1.53,4.18,5.56,1.55,4.4,6,4,4,4,9699013,SMzorJsm,2026-06-20T20:00:00.000Z,https://www.oddsportal.com/football/h2h/germany-ptQide1O/ivory-coast-G2FRjBgn/#SMzorJsm,oddsportal_group_fixture,Germany,Ivory Coast,2026-06-20,https://www.oddsportal.com/football/world/world-cup/,Germany,Côte d'Ivoire,2026-06-20 16:00:00-04,,,2026-06-14T11:49:09.307Z
2026-06-20,35,FIFA World Cup,Group Stage,E,Ecuador,Curaçao,Kansas City,United States,Arrowhead Stadium,True,False,False,1,1.19,6.81,12.5,1.2,7.5,14,4,4,4,9699011,p2XLmuKP,2026-06-21T00:00:00.000Z,https://www.oddsportal.com/football/h2h/curacao-bLLGpOkQ/ecuador-8tbm8Tri/#p2XLmuKP,oddsportal_group_fixture,Ecuador,Curacao,2026-06-21,https://www.oddsportal.com/football/world/world-cup/,Ecuador,Curaçao,2026-06-20 20:00:00-05,,,2026-06-14T11:49:09.307Z
2026-06-21,36,FIFA World Cup,Group Stage,F,Tunisia,Japan,Monterrey,Mexico,Estadio BBVA,True,False,False,1,5.29,3.51,1.67,5.5,3.75,1.71,4,4,4,9699021,SzGJdIdt,2026-06-21T04:00:00.000Z,https://www.oddsportal.com/football/h2h/japan-ULXPdOUj/tunisia-QqZVYk95/#SzGJdIdt,oddsportal_group_fixture,Tunisia,Japan,2026-06-21,https://www.oddsportal.com/football/world/world-cup/,Tunisia,Japan,2026-06-21 00:00:00-06,,,2026-06-14T11:49:09.307Z
2026-06-21,37,FIFA World Cup,Group Stage,H,Spain,Saudi Arabia,Atlanta,United States,Mercedes-Benz Stadium,True,False,False,1,1.1,9.63,21.63,1.11,11,28,4,4,4,9699043,CASh7QGF,2026-06-21T16:00:00.000Z,https://www.oddsportal.com/football/h2h/saudi-arabia-biSY8ox4/spain-bLyo6mco/#CASh7QGF,oddsportal_group_fixture,Spain,Saudi Arabia,2026-06-21,https://www.oddsportal.com/football/world/world-cup/,Spain,Saudi Arabia,2026-06-21 12:00:00-04,,,2026-06-14T11:49:09.307Z
2026-06-21,38,FIFA World Cup,Group Stage,G,Belgium,Iran,Los Angeles,United States,SoFi Stadium,True,False,False,1,1.39,4.65,7.56,1.4,4.9,8.5,4,4,4,9699031,fBZ09etn,2026-06-21T19:00:00.000Z,https://www.oddsportal.com/football/h2h/belgium-GbB957na/iran-xrRx85iA/#fBZ09etn,oddsportal_group_fixture,Belgium,Iran,2026-06-21,https://www.oddsportal.com/football/world/world-cup/,Belgium,Iran,2026-06-21 15:00:00-07,,,2026-06-14T11:49:09.307Z
2026-06-21,39,FIFA World Cup,Group Stage,H,Uruguay,Cape Verde,Miami,United States,Hard Rock Stadium,True,False,False,1,1.43,4.41,7.06,1.45,4.6,7.5,4,4,4,9699041,4pPp9nn3,2026-06-21T22:00:00.000Z,https://www.oddsportal.com/football/h2h/cape-verde-MocyWdm7/uruguay-xMk44orG/#4pPp9nn3,oddsportal_group_fixture,Uruguay,Cape Verde,2026-06-21,https://www.oddsportal.com/football/world/world-cup/,Uruguay,Cape Verde,2026-06-21 18:00:00-04,,,2026-06-14T11:49:09.307Z
2026-06-21,40,FIFA World Cup,Group Stage,G,New Zealand,Egypt,Vancouver,Canada,BC Place,True,False,False,1,4.75,3.6,1.73,5.2,3.9,1.76,4,4,4,9699029,QeaikheU,2026-06-22T01:00:00.000Z,https://www.oddsportal.com/football/h2h/egypt-bejDn7NN/new-zealand-rLctHkpU/#QeaikheU,oddsportal_group_fixture,New Zealand,Egypt,2026-06-22,https://www.oddsportal.com/football/world/world-cup/,New Zealand,Egypt,2026-06-21 21:00:00-07,,,2026-06-14T11:49:09.307Z
2026-06-22,41,FIFA World Cup,Group Stage,J,Argentina,Austria,Dallas,United States,AT&T Stadium,True,False,False,1,1.61,3.78,5.41,1.65,3.9,5.75,4,4,4,9699061,Cpq2Y2FE,2026-06-22T17:00:00.000Z,https://www.oddsportal.com/football/h2h/argentina-f9OppQjp/austria-naHiWdnt/#Cpq2Y2FE,oddsportal_group_fixture,Argentina,Austria,2026-06-22,https://www.oddsportal.com/football/world/world-cup/,Argentina,Austria,2026-06-22 13:00:00-05,,,2026-06-14T11:49:09.307Z
2026-06-22,42,FIFA World Cup,Group Stage,I,France,Iraq,Philadelphia,United States,Lincoln Financial Field,True,False,False,1,1.11,8.81,21.88,1.13,9.5,26,4,4,4,10222295,KMRMTaNM,2026-06-22T21:00:00.000Z,https://www.oddsportal.com/football/h2h/france-QkGeVG1n/iraq-K8aAGt6r/#KMRMTaNM,oddsportal_group_fixture,France,Iraq,2026-06-22,https://www.oddsportal.com/football/world/world-cup/,France,Winner FIFA Playoff 2,2026-06-22 17:00:00-04,,,2026-06-14T11:49:09.307Z
2026-06-22,43,FIFA World Cup,Group Stage,I,Norway,Senegal,New York/New Jersey,United States,MetLife Stadium,True,False,False,1,2.1,3.38,3.35,2.15,3.6,3.5,4,4,4,9699051,xSUJLPV8,2026-06-23T00:00:00.000Z,https://www.oddsportal.com/football/h2h/norway-8rP6JO0H/senegal-hOIsJLJr/#xSUJLPV8,oddsportal_group_fixture,Norway,Senegal,2026-06-23,https://www.oddsportal.com/football/world/world-cup/,Norway,Senegal,2026-06-22 20:00:00-04,,,2026-06-14T11:49:09.307Z
2026-06-22,44,FIFA World Cup,Group Stage,J,Jordan,Algeria,San Francisco Bay Area,United States,Levi's Stadium,True,False,False,1,6.69,4.05,1.5,7.5,4.4,1.53,4,4,4,9699059,dx1FAaN7,2026-06-23T03:00:00.000Z,https://www.oddsportal.com/football/h2h/algeria-nc87N1BR/jordan-vNcmJoU2/#dx1FAaN7,oddsportal_group_fixture,Jordan,Algeria,2026-06-23,https://www.oddsportal.com/football/world/world-cup/,Jordan,Algeria,2026-06-22 23:00:00-07,,,2026-06-14T11:49:09.307Z
2026-06-23,45,FIFA World Cup,Group Stage,K,Portugal,Uzbekistan,Houston,United States,NRG Stadium,True,False,False,1,1.24,6.13,10.25,1.26,6.5,12,4,4,4,9699069,nRFcNx7D,2026-06-23T17:00:00.000Z,https://www.oddsportal.com/football/h2h/portugal-WvJrjFVN/uzbekistan-EZYKKRMc/#nRFcNx7D,oddsportal_group_fixture,Portugal,Uzbekistan,2026-06-23,https://www.oddsportal.com/football/world/world-cup/,Portugal,Uzbekistan,2026-06-23 13:00:00-05,,,2026-06-14T11:49:09.307Z
2026-06-23,46,FIFA World Cup,Group Stage,L,England,Ghana,Boston,United States,Gillette Stadium,True,False,False,1,1.31,5.1,9.25,1.33,5.5,10.5,4,4,4,9699079,KhgvzGjJ,2026-06-23T20:00:00.000Z,https://www.oddsportal.com/football/h2h/england-j9N9ZNFA/ghana-nNBjHale/#KhgvzGjJ,oddsportal_group_fixture,England,Ghana,2026-06-23,https://www.oddsportal.com/football/world/world-cup/,England,Ghana,2026-06-23 16:00:00-04,,,2026-06-14T11:49:09.307Z
2026-06-23,47,FIFA World Cup,Group Stage,L,Panama,Croatia,Toronto,Canada,BMO Field,True,False,False,1,6.31,3.93,1.52,7,4.1,1.54,4,4,4,9699077,CSkWyxM6,2026-06-23T23:00:00.000Z,https://www.oddsportal.com/football/h2h/croatia-K8aznggo/panama-OWKqbCfi/#CSkWyxM6,oddsportal_group_fixture,Panama,Croatia,2026-06-23,https://www.oddsportal.com/football/world/world-cup/,Panama,Croatia,2026-06-23 19:00:00-04,,,2026-06-14T11:49:09.307Z
2026-06-23,48,FIFA World Cup,Group Stage,K,Colombia,DR Congo,Guadalajara,Mexico,Estadio Akron,True,False,False,1,1.46,4.15,7.06,1.5,4.4,8,4,4,4,10222227,K0YnEaMq,2026-06-24T02:00:00.000Z,https://www.oddsportal.com/football/h2h/colombia-G02s4PCS/d-r-congo-phn9mm8H/#K0YnEaMq,oddsportal_group_fixture,Colombia,D.R. Congo,2026-06-24,https://www.oddsportal.com/football/world/world-cup/,Colombia,Winner FIFA Playoff 1,2026-06-23 22:00:00-06,,,2026-06-14T11:49:09.307Z
2026-06-24,49,FIFA World Cup,Group Stage,B,Switzerland,Canada,Vancouver,Canada,BC Place,False,False,False,1,2.09,3.31,3.46,2.15,3.45,3.6,4,4,4,9698987,2wQjwkpp,2026-06-24T19:00:00.000Z,https://www.oddsportal.com/football/h2h/canada-x4toKORL/switzerland-rHJ2vy1B/#2wQjwkpp,oddsportal_group_fixture,Switzerland,Canada,2026-06-24,https://www.oddsportal.com/football/world/world-cup/,Switzerland,Canada,2026-06-24 15:00:00-07,,,2026-06-14T11:49:09.307Z
2026-06-24,50,FIFA World Cup,Group Stage,B,Bosnia and Herzegovina,Qatar,Seattle,United States,Lumen Field,True,False,False,1,1.52,4.01,6.25,1.57,4.3,7,4,4,4,10222201,jRyHEZGP,2026-06-24T19:00:00.000Z,https://www.oddsportal.com/football/h2h/bosnia-herzegovina-fqe7WYTr/qatar-zqzHL77i/#jRyHEZGP,oddsportal_group_fixture,Bosnia & Herzegovina,Qatar,2026-06-24,https://www.oddsportal.com/football/world/world-cup/,Winner UEFA Playoff A,Qatar,2026-06-24 15:00:00-07,,,2026-06-14T11:49:09.307Z
2026-06-24,51,FIFA World Cup,Group Stage,C,Scotland,Brazil,Miami,United States,Hard Rock Stadium,True,False,False,1,6.63,4.83,1.4,7,5.5,1.44,4,4,4,9698997,EgVZxtj1,2026-06-24T22:00:00.000Z,https://www.oddsportal.com/football/h2h/brazil-I9l9aqLq/scotland-fZRU25WH/#EgVZxtj1,oddsportal_group_fixture,Scotland,Brazil,2026-06-24,https://www.oddsportal.com/football/world/world-cup/,Scotland,Brazil,2026-06-24 18:00:00-04,,,2026-06-14T11:49:09.307Z
2026-06-24,52,FIFA World Cup,Group Stage,C,Morocco,Haiti,Atlanta,United States,Mercedes-Benz Stadium,True,False,False,1,1.3,5.28,9.5,1.33,5.5,10.5,4,4,4,9698999,n7TsyKKD,2026-06-24T22:00:00.000Z,https://www.oddsportal.com/football/h2h/haiti-nk4v10Z1/morocco-IDKYO3R8/#n7TsyKKD,oddsportal_group_fixture,Morocco,Haiti,2026-06-24,https://www.oddsportal.com/football/world/world-cup/,Morocco,Haiti,2026-06-24 18:00:00-04,,,2026-06-14T11:49:09.307Z
2026-06-24,53,FIFA World Cup,Group Stage,A,Czech Republic,Mexico,Mexico City,Mexico,Estadio Banorte,False,False,False,1,4.51,3.48,1.8,4.75,3.65,1.8,4,4,4,10222195,GCoIA5bf,2026-06-25T01:00:00.000Z,https://www.oddsportal.com/football/h2h/czech-republic-6LHwBDGU/mexico-O6iHcNkd/#GCoIA5bf,oddsportal_group_fixture,Czech Republic,Mexico,2026-06-25,https://www.oddsportal.com/football/world/world-cup/,Winner UEFA Playoff D,Mexico,2026-06-24 21:00:00-06,,,2026-06-14T11:49:09.307Z
2026-06-24,54,FIFA World Cup,Group Stage,A,South Africa,South Korea,Monterrey,Mexico,Estadio BBVA,True,False,False,1,5.46,3.93,1.59,5.75,4.1,1.62,4,4,4,9698981,4rr4ngNc,2026-06-25T01:00:00.000Z,https://www.oddsportal.com/football/h2h/south-africa-W2ijYvlr/south-korea-K6Gs7P6G/#4rr4ngNc,oddsportal_group_fixture,South Africa,South Korea,2026-06-25,https://www.oddsportal.com/football/world/world-cup/,South Africa,South Korea,2026-06-24 21:00:00-06,,,2026-06-14T11:49:09.307Z
2026-06-25,55,FIFA World Cup,Group Stage,E,Curaçao,Ivory Coast,Philadelphia,United States,Lincoln Financial Field,True,False,False,1,12.5,6.31,1.22,14,7,1.24,4,4,4,9699017,d2S1vysC,2026-06-25T20:00:00.000Z,https://www.oddsportal.com/football/h2h/curacao-bLLGpOkQ/ivory-coast-G2FRjBgn/#d2S1vysC,oddsportal_group_fixture,Curacao,Ivory Coast,2026-06-25,https://www.oddsportal.com/football/world/world-cup/,Curaçao,Côte d'Ivoire,2026-06-25 16:00:00-04,,,2026-06-14T11:49:09.307Z
2026-06-25,56,FIFA World Cup,Group Stage,E,Ecuador,Germany,New York/New Jersey,United States,MetLife Stadium,True,False,False,1,4.85,3.75,1.69,5.1,3.9,1.74,4,4,4,9699015,zmvgtcCa,2026-06-25T20:00:00.000Z,https://www.oddsportal.com/football/h2h/ecuador-8tbm8Tri/germany-ptQide1O/#zmvgtcCa,oddsportal_group_fixture,Ecuador,Germany,2026-06-25,https://www.oddsportal.com/football/world/world-cup/,Ecuador,Germany,2026-06-25 16:00:00-04,,,2026-06-14T11:49:09.307Z
2026-06-25,57,FIFA World Cup,Group Stage,F,Japan,Sweden,Dallas,United States,AT&T Stadium,True,False,False,1,2.05,3.36,3.48,2.1,3.5,3.6,4,4,4,10222161,Sl2xgtXi,2026-06-25T23:00:00.000Z,https://www.oddsportal.com/football/h2h/japan-ULXPdOUj/sweden-OQyqbHWB/#Sl2xgtXi,oddsportal_group_fixture,Japan,Sweden,2026-06-25,https://www.oddsportal.com/football/world/world-cup/,Japan,Winner UEFA Playoff B,2026-06-25 19:00:00-05,,,2026-06-14T11:49:09.307Z
2026-06-25,58,FIFA World Cup,Group Stage,F,Tunisia,Netherlands,Kansas City,United States,Arrowhead Stadium,True,False,False,1,6.19,4.15,1.5,6.5,4.4,1.5,4,4,4,9699023,0lERfdRh,2026-06-25T23:00:00.000Z,https://www.oddsportal.com/football/h2h/netherlands-WYintcWb/tunisia-QqZVYk95/#0lERfdRh,oddsportal_group_fixture,Tunisia,Netherlands,2026-06-25,https://www.oddsportal.com/football/world/world-cup/,Tunisia,Netherlands,2026-06-25 19:00:00-05,,,2026-06-14T11:49:09.307Z
2026-06-25,59,FIFA World Cup,Group Stage,D,Turkey,United States,Los Angeles,United States,SoFi Stadium,False,False,False,1,2.68,3.48,2.44,2.75,3.7,2.5,4,4,4,10222149,SCvmMa2U,2026-06-26T02:00:00.000Z,https://www.oddsportal.com/football/h2h/turkey-QeijuHo5/usa-fuitL4CF/#SCvmMa2U,oddsportal_group_fixture,Turkey,USA,2026-06-26,https://www.oddsportal.com/football/world/world-cup/,Winner UEFA Playoff C,United States,2026-06-25 22:00:00-07,,,2026-06-14T11:49:09.307Z
2026-06-25,60,FIFA World Cup,Group Stage,D,Paraguay,Australia,San Francisco Bay Area,United States,Levi's Stadium,True,False,False,1,2.11,3.21,3.46,2.15,3.35,3.6,4,4,4,9699005,lGmJTJSg,2026-06-26T02:00:00.000Z,https://www.oddsportal.com/football/h2h/australia-xSrf6qMM/paraguay-YaNlqp6j/#lGmJTJSg,oddsportal_group_fixture,Paraguay,Australia,2026-06-26,https://www.oddsportal.com/football/world/world-cup/,Paraguay,Australia,2026-06-25 22:00:00-07,,,2026-06-14T11:49:09.307Z
2026-06-26,61,FIFA World Cup,Group Stage,I,Norway,France,Boston,United States,Gillette Stadium,True,False,False,1,4.2,3.56,1.81,4.5,3.75,1.86,4,4,4,9699053,bsJSJ30L,2026-06-26T19:00:00.000Z,https://www.oddsportal.com/football/h2h/france-QkGeVG1n/norway-8rP6JO0H/#bsJSJ30L,oddsportal_group_fixture,Norway,France,2026-06-26,https://www.oddsportal.com/football/world/world-cup/,Norway,France,2026-06-26 15:00:00-04,,,2026-06-14T11:49:09.307Z
2026-06-26,62,FIFA World Cup,Group Stage,I,Senegal,Iraq,Toronto,Canada,BMO Field,True,False,False,1,1.41,4.48,7.44,1.42,4.9,8.5,4,4,4,10222297,j5IhOwop,2026-06-26T19:00:00.000Z,https://www.oddsportal.com/football/h2h/iraq-K8aAGt6r/senegal-hOIsJLJr/#j5IhOwop,oddsportal_group_fixture,Senegal,Iraq,2026-06-26,https://www.oddsportal.com/football/world/world-cup/,Senegal,Winner FIFA Playoff 2,2026-06-26 15:00:00-04,,,2026-06-14T11:49:09.307Z
2026-06-26,63,FIFA World Cup,Group Stage,H,Cape Verde,Saudi Arabia,Houston,United States,NRG Stadium,True,False,False,1,2.45,3.54,2.63,2.5,3.75,2.65,4,4,4,9699047,487Xar9k,2026-06-27T00:00:00.000Z,https://www.oddsportal.com/football/h2h/cape-verde-MocyWdm7/saudi-arabia-biSY8ox4/#487Xar9k,oddsportal_group_fixture,Cape Verde,Saudi Arabia,2026-06-27,https://www.oddsportal.com/football/world/world-cup/,Cape Verde,Saudi Arabia,2026-06-26 20:00:00-05,,,2026-06-14T11:49:09.307Z
2026-06-26,64,FIFA World Cup,Group Stage,H,Uruguay,Spain,Guadalajara,Mexico,Estadio Akron,True,False,False,1,5.16,3.9,1.62,5.5,4,1.65,4,4,4,9699045,8xM154oS,2026-06-27T00:00:00.000Z,https://www.oddsportal.com/football/h2h/spain-bLyo6mco/uruguay-xMk44orG/#8xM154oS,oddsportal_group_fixture,Uruguay,Spain,2026-06-27,https://www.oddsportal.com/football/world/world-cup/,Uruguay,Spain,2026-06-26 20:00:00-06,,,2026-06-14T11:49:09.307Z
2026-06-26,65,FIFA World Cup,Group Stage,G,Egypt,Iran,Seattle,United States,Lumen Field,True,False,False,1,2.21,3.02,3.49,2.25,3.1,3.65,4,4,4,9699035,OjRH5DuB,2026-06-27T03:00:00.000Z,https://www.oddsportal.com/football/h2h/egypt-bejDn7NN/iran-xrRx85iA/#OjRH5DuB,oddsportal_group_fixture,Egypt,Iran,2026-06-27,https://www.oddsportal.com/football/world/world-cup/,Egypt,Iran,2026-06-26 23:00:00-07,,,2026-06-14T11:49:09.307Z
2026-06-26,66,FIFA World Cup,Group Stage,G,New Zealand,Belgium,Vancouver,Canada,BC Place,True,False,False,1,9.25,5.46,1.29,11,5.75,1.31,4,4,4,9699033,jwT97ZAb,2026-06-27T03:00:00.000Z,https://www.oddsportal.com/football/h2h/belgium-GbB957na/new-zealand-rLctHkpU/#jwT97ZAb,oddsportal_group_fixture,New Zealand,Belgium,2026-06-27,https://www.oddsportal.com/football/world/world-cup/,New Zealand,Belgium,2026-06-26 23:00:00-07,,,2026-06-14T11:49:09.307Z
2026-06-27,67,FIFA World Cup,Group Stage,L,Panama,England,New York/New Jersey,United States,MetLife Stadium,True,False,False,1,9.13,5.88,1.27,11,6.5,1.29,4,4,4,9699081,YZajsXcn,2026-06-27T21:00:00.000Z,https://www.oddsportal.com/football/h2h/england-j9N9ZNFA/panama-OWKqbCfi/#YZajsXcn,oddsportal_group_fixture,Panama,England,2026-06-27,https://www.oddsportal.com/football/world/world-cup/,Panama,England,2026-06-27 17:00:00-04,,,2026-06-14T11:49:09.307Z
2026-06-27,68,FIFA World Cup,Group Stage,L,Croatia,Ghana,Philadelphia,United States,Lincoln Financial Field,True,False,False,1,1.63,3.74,5.35,1.65,3.95,5.8,4,4,4,9699083,6mbbuBSb,2026-06-27T21:00:00.000Z,https://www.oddsportal.com/football/h2h/croatia-K8aznggo/ghana-nNBjHale/#6mbbuBSb,oddsportal_group_fixture,Croatia,Ghana,2026-06-27,https://www.oddsportal.com/football/world/world-cup/,Croatia,Ghana,2026-06-27 17:00:00-04,,,2026-06-14T11:49:09.307Z
2026-06-27,69,FIFA World Cup,Group Stage,K,Colombia,Portugal,Miami,United States,Hard Rock Stadium,True,False,False,1,3.44,3.3,2.08,3.55,3.45,2.1,4,4,4,9699071,vL2qotaK,2026-06-27T23:30:00.000Z,https://www.oddsportal.com/football/h2h/colombia-G02s4PCS/portugal-WvJrjFVN/#vL2qotaK,oddsportal_group_fixture,Colombia,Portugal,2026-06-27,https://www.oddsportal.com/football/world/world-cup/,Colombia,Portugal,2026-06-27 19:30:00-04,,,2026-06-14T11:49:09.307Z
2026-06-27,70,FIFA World Cup,Group Stage,K,DR Congo,Uzbekistan,Atlanta,United States,Mercedes-Benz Stadium,True,False,False,1,2.31,3.24,3.04,2.35,3.4,3.2,4,4,4,10222229,hEWfCwid,2026-06-27T23:30:00.000Z,https://www.oddsportal.com/football/h2h/d-r-congo-phn9mm8H/uzbekistan-EZYKKRMc/#hEWfCwid,oddsportal_group_fixture,D.R. Congo,Uzbekistan,2026-06-27,https://www.oddsportal.com/football/world/world-cup/,Winner FIFA Playoff 1,Uzbekistan,2026-06-27 19:30:00-04,,,2026-06-14T11:49:09.307Z
2026-06-27,71,FIFA World Cup,Group Stage,J,Algeria,Austria,Kansas City,United States,Arrowhead Stadium,True,False,False,1,3.49,3.15,2.15,3.8,3.3,2.2,4,4,4,9699065,4rOtRK7l,2026-06-28T02:00:00.000Z,https://www.oddsportal.com/football/h2h/algeria-nc87N1BR/austria-naHiWdnt/#4rOtRK7l,oddsportal_group_fixture,Algeria,Austria,2026-06-28,https://www.oddsportal.com/football/world/world-cup/,Algeria,Austria,2026-06-27 22:00:00-05,,,2026-06-14T11:49:09.307Z
2026-06-27,72,FIFA World Cup,Group Stage,J,Jordan,Argentina,Dallas,United States,AT&T Stadium,True,False,False,1,13.25,6.88,1.18,15,7.5,1.18,4,4,4,9699063,KAnAWtpR,2026-06-28T02:00:00.000Z,https://www.oddsportal.com/football/h2h/argentina-f9OppQjp/jordan-vNcmJoU2/#KAnAWtpR,oddsportal_group_fixture,Jordan,Argentina,2026-06-28,https://www.oddsportal.com/football/world/world-cup/,Jordan,Argentina,2026-06-27 22:00:00-05,,,2026-06-14T11:49:09.307Z
2026-06-28,73,FIFA World Cup,Round of 32,2A vs 2B,2A,2B,Los Angeles,United States,SoFi Stadium,True,True,True,0,,,,,,,,,,,,,,local_fixture_skeleton_no_odds,,,,,nan,nan,2026-06-28 15:00:00-07,2A,2B,2026-06-14T11:49:09.316Z
2026-06-29,74,FIFA World Cup,Round of 32,1C vs 2F,1C,2F,Houston,United States,NRG Stadium,True,True,True,0,,,,,,,,,,,,,,local_fixture_skeleton_no_odds,,,,,nan,nan,2026-06-29 13:00:00-05,1C,2F,2026-06-14T11:49:09.316Z
2026-06-29,75,FIFA World Cup,Round of 32,1E vs 3ABCDF,1E,3ABCDF,Boston,United States,Gillette Stadium,True,True,True,0,,,,,,,,,,,,,,local_fixture_skeleton_no_odds,,,,,nan,nan,2026-06-29 16:30:00-04,1E,3ABCDF,2026-06-14T11:49:09.316Z
2026-06-29,76,FIFA World Cup,Round of 32,1F vs 2C,1F,2C,Monterrey,Mexico,Estadio BBVA,True,True,True,0,,,,,,,,,,,,,,local_fixture_skeleton_no_odds,,,,,nan,nan,2026-06-29 21:00:00-06,1F,2C,2026-06-14T11:49:09.316Z
2026-06-30,77,FIFA World Cup,Round of 32,2E vs 2I,2E,2I,Dallas,United States,AT&T Stadium,True,True,True,0,,,,,,,,,,,,,,local_fixture_skeleton_no_odds,,,,,nan,nan,2026-06-30 13:00:00-05,2E,2I,2026-06-14T11:49:09.316Z
2026-06-30,78,FIFA World Cup,Round of 32,1I vs 3CDFGH,1I,3CDFGH,New York/New Jersey,United States,MetLife Stadium,True,True,True,0,,,,,,,,,,,,,,local_fixture_skeleton_no_odds,,,,,nan,nan,2026-06-30 17:00:00-04,1I,3CDFGH,2026-06-14T11:49:09.316Z
2026-06-30,79,FIFA World Cup,Round of 32,1A vs 3CEFHI,1A,3CEFHI,Mexico City,Mexico,Estadio Azteca,True,True,True,0,,,,,,,,,,,,,,local_fixture_skeleton_no_odds,,,,,nan,nan,2026-06-30 21:00:00-06,1A,3CEFHI,2026-06-14T11:49:09.316Z
2026-07-01,80,FIFA World Cup,Round of 32,1L vs 3EHIJK,1L,3EHIJK,Atlanta,United States,Mercedes-Benz Stadium,True,True,True,0,,,,,,,,,,,,,,local_fixture_skeleton_no_odds,,,,,nan,nan,2026-07-01 12:00:00-04,1L,3EHIJK,2026-06-14T11:49:09.316Z
2026-07-01,81,FIFA World Cup,Round of 32,1G vs 3AEHIJ,1G,3AEHIJ,Seattle,United States,Lumen Field,True,True,True,0,,,,,,,,,,,,,,local_fixture_skeleton_no_odds,,,,,nan,nan,2026-07-01 16:00:00-07,1G,3AEHIJ,2026-06-14T11:49:09.316Z
2026-07-01,82,FIFA World Cup,Round of 32,1D vs 3BEFIJ,1D,3BEFIJ,San Francisco Bay Area,United States,Levi's Stadium,True,True,True,0,,,,,,,,,,,,,,local_fixture_skeleton_no_odds,,,,,nan,nan,2026-07-01 20:00:00-07,1D,3BEFIJ,2026-06-14T11:49:09.316Z
2026-07-02,83,FIFA World Cup,Round of 32,1H vs 2J,1H,2J,Los Angeles,United States,SoFi Stadium,True,True,True,0,,,,,,,,,,,,,,local_fixture_skeleton_no_odds,,,,,nan,nan,2026-07-02 15:00:00-07,1H,2J,2026-06-14T11:49:09.316Z
2026-07-02,84,FIFA World Cup,Round of 32,2K vs 2L,2K,2L,Toronto,Canada,BMO Field,True,True,True,0,,,,,,,,,,,,,,local_fixture_skeleton_no_odds,,,,,nan,nan,2026-07-02 19:00:00-04,2K,2L,2026-06-14T11:49:09.316Z
2026-07-02,85,FIFA World Cup,Round of 32,1B vs 3EFGIJ,1B,3EFGIJ,Vancouver,Canada,BC Place,True,True,True,0,,,,,,,,,,,,,,local_fixture_skeleton_no_odds,,,,,nan,nan,2026-07-02 23:00:00-07,1B,3EFGIJ,2026-06-14T11:49:09.316Z
2026-07-03,86,FIFA World Cup,Round of 32,2D vs 2G,2D,2G,Dallas,United States,AT&T Stadium,True,True,True,0,,,,,,,,,,,,,,local_fixture_skeleton_no_odds,,,,,nan,nan,2026-07-03 14:00:00-05,2D,2G,2026-06-14T11:49:09.316Z
2026-07-03,87,FIFA World Cup,Round of 32,1J vs 2H,1J,2H,Miami,United States,Hard Rock Stadium,True,True,True,0,,,,,,,,,,,,,,local_fixture_skeleton_no_odds,,,,,nan,nan,2026-07-03 18:00:00-04,1J,2H,2026-06-14T11:49:09.316Z
2026-07-03,88,FIFA World Cup,Round of 32,1K vs 3DEIJL,1K,3DEIJL,Kansas City,United States,Arrowhead Stadium,True,True,True,0,,,,,,,,,,,,,,local_fixture_skeleton_no_odds,,,,,nan,nan,2026-07-03 21:30:00-05,1K,3DEIJL,2026-06-14T11:49:09.316Z
2026-07-04,89,FIFA World Cup,Round of 16,W73 vs W75,W73,W75,Houston,United States,NRG Stadium,True,True,True,0,,,,,,,,,,,,,,local_fixture_skeleton_no_odds,,,,,nan,nan,2026-07-04 13:00:00-05,W73,W75,2026-06-14T11:49:09.316Z
2026-07-04,90,FIFA World Cup,Round of 16,W74 vs W77,W74,W77,Philadelphia,United States,Lincoln Financial Field,True,True,True,0,,,,,,,,,,,,,,local_fixture_skeleton_no_odds,,,,,nan,nan,2026-07-04 17:00:00-04,W74,W77,2026-06-14T11:49:09.316Z
2026-07-05,91,FIFA World Cup,Round of 16,W76 vs W78,W76,W78,New York/New Jersey,United States,MetLife Stadium,True,True,True,0,,,,,,,,,,,,,,local_fixture_skeleton_no_odds,,,,,nan,nan,2026-07-05 16:00:00-04,W76,W78,2026-06-14T11:49:09.316Z
2026-07-05,92,FIFA World Cup,Round of 16,W79 vs W80,W79,W80,Mexico City,Mexico,Estadio Azteca,True,True,True,0,,,,,,,,,,,,,,local_fixture_skeleton_no_odds,,,,,nan,nan,2026-07-05 20:00:00-06,W79,W80,2026-06-14T11:49:09.316Z
2026-07-06,93,FIFA World Cup,Round of 16,W83 vs W84,W83,W84,Dallas,United States,AT&T Stadium,True,True,True,0,,,,,,,,,,,,,,local_fixture_skeleton_no_odds,,,,,nan,nan,2026-07-06 15:00:00-05,W83,W84,2026-06-14T11:49:09.316Z
2026-07-06,94,FIFA World Cup,Round of 16,W81 vs W82,W81,W82,Seattle,United States,Lumen Field,True,True,True,0,,,,,,,,,,,,,,local_fixture_skeleton_no_odds,,,,,nan,nan,2026-07-06 20:00:00-07,W81,W82,2026-06-14T11:49:09.317Z
2026-07-07,95,FIFA World Cup,Round of 16,W86 vs W88,W86,W88,Atlanta,United States,Mercedes-Benz Stadium,True,True,True,0,,,,,,,,,,,,,,local_fixture_skeleton_no_odds,,,,,nan,nan,2026-07-07 12:00:00-04,W86,W88,2026-06-14T11:49:09.317Z
2026-07-07,96,FIFA World Cup,Round of 16,W85 vs W87,W85,W87,Vancouver,Canada,BC Place,True,True,True,0,,,,,,,,,,,,,,local_fixture_skeleton_no_odds,,,,,nan,nan,2026-07-07 16:00:00-07,W85,W87,2026-06-14T11:49:09.317Z
2026-07-09,97,FIFA World Cup,Quarterfinals,W89 vs W90,W89,W90,Boston,United States,Gillette Stadium,True,True,True,0,,,,,,,,,,,,,,local_fixture_skeleton_no_odds,,,,,nan,nan,2026-07-09 16:00:00-04,W89,W90,2026-06-14T11:49:09.317Z
2026-07-10,98,FIFA World Cup,Quarterfinals,W93 vs W94,W93,W94,Los Angeles,United States,SoFi Stadium,True,True,True,0,,,,,,,,,,,,,,local_fixture_skeleton_no_odds,,,,,nan,nan,2026-07-10 15:00:00-07,W93,W94,2026-06-14T11:49:09.317Z
2026-07-11,99,FIFA World Cup,Quarterfinals,W91 vs W92,W91,W92,Miami,United States,Hard Rock Stadium,True,True,True,0,,,,,,,,,,,,,,local_fixture_skeleton_no_odds,,,,,nan,nan,2026-07-11 17:00:00-04,W91,W92,2026-06-14T11:49:09.317Z
2026-07-11,100,FIFA World Cup,Quarterfinals,W95 vs W100,W95,W100,Kansas City,United States,Arrowhead Stadium,True,True,True,0,,,,,,,,,,,,,,local_fixture_skeleton_no_odds,,,,,nan,nan,2026-07-11 21:00:00-05,W95,W100,2026-06-14T11:49:09.317Z
2026-07-14,101,FIFA World Cup,Semifinals,W97 vs W98,W97,W98,Dallas,United States,AT&T Stadium,True,True,True,0,,,,,,,,,,,,,,local_fixture_skeleton_no_odds,,,,,nan,nan,2026-07-14 15:00:00-05,W97,W98,2026-06-14T11:49:09.317Z
2026-07-15,102,FIFA World Cup,Semifinals,W99 vs W100,W99,W100,Atlanta,United States,Mercedes-Benz Stadium,True,True,True,0,,,,,,,,,,,,,,local_fixture_skeleton_no_odds,,,,,nan,nan,2026-07-15 15:00:00-04,W99,W100,2026-06-14T11:49:09.317Z
2026-07-18,103,FIFA World Cup,Third Place Playoff,RU101 vs RU102,RU101,RU102,Miami,United States,Hard Rock Stadium,True,True,True,0,,,,,,,,,,,,,,local_fixture_skeleton_no_odds,,,,,nan,nan,2026-07-18 17:00:00-04,RU101,RU102,2026-06-14T11:49:09.317Z
2026-07-19,104,FIFA World Cup,Final,W101 vs W102,W101,W102,New York/New Jersey,United States,MetLife Stadium,True,True,True,0,,,,,,,,,,,,,,local_fixture_skeleton_no_odds,,,,,nan,nan,2026-07-19 15:00:00-04,W101,W102,2026-06-14T11:49:09.317Z
