source,soccerbase_game_id,date,competition,season,tab,stage,home_team,away_team,team,opponent,is_home,player_id,player_name,card_type,minute,event_source,source_url
soccerbase,878857,2023-07-03,CONCACAF Gold Cup,2023,default,Group A Matches and results,Jamaica,St Kitts and Nev,St Kitts and Nev,Jamaica,0,140105,M Roberts,yellow,,lineup_bubble,https://www.soccerbase.com/tournaments/tournament.sd?tourn_id=2015
soccerbase,878857,2023-07-03,CONCACAF Gold Cup,2023,default,Group A Matches and results,Jamaica,St Kitts and Nev,St Kitts and Nev,Jamaica,0,178855,M Lewis,yellow,,lineup_bubble,https://www.soccerbase.com/tournaments/tournament.sd?tourn_id=2015
soccerbase,878856,2023-07-03,CONCACAF Gold Cup,2023,default,Group A Matches and results,USA,Trinidad,USA,Trinidad,1,138543,J Neal,yellow,,lineup_bubble,https://www.soccerbase.com/tournaments/tournament.sd?tourn_id=2015
soccerbase,878856,2023-07-03,CONCACAF Gold Cup,2023,default,Group A Matches and results,USA,Trinidad,Trinidad,USA,0,70617,K Molino,yellow,,lineup_bubble,https://www.soccerbase.com/tournaments/tournament.sd?tourn_id=2015
soccerbase,878854,2023-06-29,CONCACAF Gold Cup,2023,default,Group A Matches and results,Jamaica,Trinidad,Jamaica,Trinidad,1,100455,D Lowe,yellow,,lineup_bubble,https://www.soccerbase.com/tournaments/tournament.sd?tourn_id=2015
soccerbase,878854,2023-06-29,CONCACAF Gold Cup,2023,default,Group A Matches and results,Jamaica,Trinidad,Jamaica,Trinidad,1,103200,J Brown,yellow,,lineup_bubble,https://www.soccerbase.com/tournaments/tournament.sd?tourn_id=2015
soccerbase,878854,2023-06-29,CONCACAF Gold Cup,2023,default,Group A Matches and results,Jamaica,Trinidad,Jamaica,Trinidad,1,101068,C Burke,yellow,,lineup_bubble,https://www.soccerbase.com/tournaments/tournament.sd?tourn_id=2015
soccerbase,878854,2023-06-29,CONCACAF Gold Cup,2023,default,Group A Matches and results,Jamaica,Trinidad,Trinidad,Jamaica,0,95829,A Jones,yellow,,lineup_bubble,https://www.soccerbase.com/tournaments/tournament.sd?tourn_id=2015
soccerbase,878854,2023-06-29,CONCACAF Gold Cup,2023,default,Group A Matches and results,Jamaica,Trinidad,Trinidad,Jamaica,0,67734,S Bateau,yellow,,lineup_bubble,https://www.soccerbase.com/tournaments/tournament.sd?tourn_id=2015
soccerbase,878854,2023-06-29,CONCACAF Gold Cup,2023,default,Group A Matches and results,Jamaica,Trinidad,Trinidad,Jamaica,0,87945,N Hackshaw,yellow,,lineup_bubble,https://www.soccerbase.com/tournaments/tournament.sd?tourn_id=2015
soccerbase,878855,2023-06-29,CONCACAF Gold Cup,2023,default,Group A Matches and results,St Kitts and Nev,USA,St Kitts and Nev,USA,1,107771,A Burley,yellow,,lineup_bubble,https://www.soccerbase.com/tournaments/tournament.sd?tourn_id=2015
soccerbase,878855,2023-06-29,CONCACAF Gold Cup,2023,default,Group A Matches and results,St Kitts and Nev,USA,St Kitts and Nev,USA,1,99546,J Ible,yellow,,lineup_bubble,https://www.soccerbase.com/tournaments/tournament.sd?tourn_id=2015
soccerbase,878855,2023-06-29,CONCACAF Gold Cup,2023,default,Group A Matches and results,St Kitts and Nev,USA,St Kitts and Nev,USA,1,178854,T Terrell,yellow,,lineup_bubble,https://www.soccerbase.com/tournaments/tournament.sd?tourn_id=2015
soccerbase,878853,2023-06-25,CONCACAF Gold Cup,2023,default,Group A Matches and results,Trinidad,St Kitts and Nev,St Kitts and Nev,Trinidad,0,107771,A Burley,yellow,,lineup_bubble,https://www.soccerbase.com/tournaments/tournament.sd?tourn_id=2015
soccerbase,878853,2023-06-25,CONCACAF Gold Cup,2023,default,Group A Matches and results,Trinidad,St Kitts and Nev,St Kitts and Nev,Trinidad,0,132569,R Somersall,yellow,,lineup_bubble,https://www.soccerbase.com/tournaments/tournament.sd?tourn_id=2015
soccerbase,878852,2023-06-25,CONCACAF Gold Cup,2023,default,Group A Matches and results,USA,Jamaica,Jamaica,USA,0,80252,A Blake,yellow,,lineup_bubble,https://www.soccerbase.com/tournaments/tournament.sd?tourn_id=2015
soccerbase,878852,2023-06-25,CONCACAF Gold Cup,2023,default,Group A Matches and results,USA,Jamaica,Jamaica,USA,0,73053,K Lawrence,yellow,,lineup_bubble,https://www.soccerbase.com/tournaments/tournament.sd?tourn_id=2015
soccerbase,878852,2023-06-25,CONCACAF Gold Cup,2023,default,Group A Matches and results,USA,Jamaica,Jamaica,USA,0,100455,D Lowe,yellow,,lineup_bubble,https://www.soccerbase.com/tournaments/tournament.sd?tourn_id=2015
soccerbase,878862,2023-07-03,CONCACAF Gold Cup,2023,default: B,Group B Matches and results,Honduras,Haiti,Honduras,Haiti,1,110928,J Benguche,yellow,,lineup_bubble,https://www.soccerbase.com/tournaments/tournament_tab.sd?tourn_id=2015&tab_id=2446&roundTab=roundTab_1
soccerbase,878862,2023-07-03,CONCACAF Gold Cup,2023,default: B,Group B Matches and results,Honduras,Haiti,Haiti,Honduras,0,91426,B Alceus,yellow,,lineup_bubble,https://www.soccerbase.com/tournaments/tournament_tab.sd?tourn_id=2015&tab_id=2446&roundTab=roundTab_1
soccerbase,878863,2023-07-03,CONCACAF Gold Cup,2023,default: B,Group B Matches and results,Mexico,Qatar,Mexico,Qatar,1,115784,G Arteaga,yellow,,lineup_bubble,https://www.soccerbase.com/tournaments/tournament_tab.sd?tourn_id=2015&tab_id=2446&roundTab=roundTab_1
soccerbase,878863,2023-07-03,CONCACAF Gold Cup,2023,default: B,Group B Matches and results,Mexico,Qatar,Mexico,Qatar,1,128349,S Gimenez,yellow,,lineup_bubble,https://www.soccerbase.com/tournaments/tournament_tab.sd?tourn_id=2015&tab_id=2446&roundTab=roundTab_1
soccerbase,878863,2023-07-03,CONCACAF Gold Cup,2023,default: B,Group B Matches and results,Mexico,Qatar,Qatar,Mexico,0,116089,Meshaal Barsham,yellow,,lineup_bubble,https://www.soccerbase.com/tournaments/tournament_tab.sd?tourn_id=2015&tab_id=2446&roundTab=roundTab_1
soccerbase,878863,2023-07-03,CONCACAF Gold Cup,2023,default: B,Group B Matches and results,Mexico,Qatar,Qatar,Mexico,0,107744,T Tarek Salman,yellow,,lineup_bubble,https://www.soccerbase.com/tournaments/tournament_tab.sd?tourn_id=2015&tab_id=2446&roundTab=roundTab_1
soccerbase,878863,2023-07-03,CONCACAF Gold Cup,2023,default: B,Group B Matches and results,Mexico,Qatar,Qatar,Mexico,0,134811,Mohammed Waad,yellow,,lineup_bubble,https://www.soccerbase.com/tournaments/tournament_tab.sd?tourn_id=2015&tab_id=2446&roundTab=roundTab_1
soccerbase,878863,2023-07-03,CONCACAF Gold Cup,2023,default: B,Group B Matches and results,Mexico,Qatar,Qatar,Mexico,0,109039,Ahmed Fathy,yellow,,lineup_bubble,https://www.soccerbase.com/tournaments/tournament_tab.sd?tourn_id=2015&tab_id=2446&roundTab=roundTab_1
soccerbase,878863,2023-07-03,CONCACAF Gold Cup,2023,default: B,Group B Matches and results,Mexico,Qatar,Qatar,Mexico,0,106001,Assim Madibo,yellow,,lineup_bubble,https://www.soccerbase.com/tournaments/tournament_tab.sd?tourn_id=2015&tab_id=2446&roundTab=roundTab_1
soccerbase,878863,2023-07-03,CONCACAF Gold Cup,2023,default: B,Group B Matches and results,Mexico,Qatar,Qatar,Mexico,0,127104,Mostafa Meshaal,yellow,,lineup_bubble,https://www.soccerbase.com/tournaments/tournament_tab.sd?tourn_id=2015&tab_id=2446&roundTab=roundTab_1
soccerbase,878863,2023-07-03,CONCACAF Gold Cup,2023,default: B,Group B Matches and results,Mexico,Qatar,Qatar,Mexico,0,177435,Mahdi Salem,yellow,,lineup_bubble,https://www.soccerbase.com/tournaments/tournament_tab.sd?tourn_id=2015&tab_id=2446&roundTab=roundTab_1
soccerbase,878863,2023-07-03,CONCACAF Gold Cup,2023,default: B,Group B Matches and results,Mexico,Qatar,Qatar,Mexico,0,172378,Tameem Mansour,yellow,,lineup_bubble,https://www.soccerbase.com/tournaments/tournament_tab.sd?tourn_id=2015&tab_id=2446&roundTab=roundTab_1
soccerbase,878861,2023-06-30,CONCACAF Gold Cup,2023,default: B,Group B Matches and results,Haiti,Mexico,Haiti,Mexico,1,110416,F Pierrot,yellow,,lineup_bubble,https://www.soccerbase.com/tournaments/tournament_tab.sd?tourn_id=2015&tab_id=2446&roundTab=roundTab_1
soccerbase,878861,2023-06-30,CONCACAF Gold Cup,2023,default: B,Group B Matches and results,Haiti,Mexico,Mexico,Haiti,0,119263,J Sanchez,yellow,,lineup_bubble,https://www.soccerbase.com/tournaments/tournament_tab.sd?tourn_id=2015&tab_id=2446&roundTab=roundTab_1
soccerbase,878860,2023-06-30,CONCACAF Gold Cup,2023,default: B,Group B Matches and results,Qatar,Honduras,Qatar,Honduras,1,116089,Meshaal Barsham,yellow,,lineup_bubble,https://www.soccerbase.com/tournaments/tournament_tab.sd?tourn_id=2015&tab_id=2446&roundTab=roundTab_1
soccerbase,878860,2023-06-30,CONCACAF Gold Cup,2023,default: B,Group B Matches and results,Qatar,Honduras,Qatar,Honduras,1,107961,Bassam Al Rawi,yellow,,lineup_bubble,https://www.soccerbase.com/tournaments/tournament_tab.sd?tourn_id=2015&tab_id=2446&roundTab=roundTab_1
soccerbase,878860,2023-06-30,CONCACAF Gold Cup,2023,default: B,Group B Matches and results,Qatar,Honduras,Qatar,Honduras,1,126462,Yusuf Abdurisag,red,,lineup_bubble,https://www.soccerbase.com/tournaments/tournament_tab.sd?tourn_id=2015&tab_id=2446&roundTab=roundTab_1
soccerbase,878860,2023-06-30,CONCACAF Gold Cup,2023,default: B,Group B Matches and results,Qatar,Honduras,Qatar,Honduras,1,134811,Mohammed Waad,yellow,,lineup_bubble,https://www.soccerbase.com/tournaments/tournament_tab.sd?tourn_id=2015&tab_id=2446&roundTab=roundTab_1
soccerbase,878860,2023-06-30,CONCACAF Gold Cup,2023,default: B,Group B Matches and results,Qatar,Honduras,Qatar,Honduras,1,109039,Ahmed Fathy,yellow,,lineup_bubble,https://www.soccerbase.com/tournaments/tournament_tab.sd?tourn_id=2015&tab_id=2446&roundTab=roundTab_1
soccerbase,878860,2023-06-30,CONCACAF Gold Cup,2023,default: B,Group B Matches and results,Qatar,Honduras,Honduras,Qatar,0,118840,J Rosales,yellow,,lineup_bubble,https://www.soccerbase.com/tournaments/tournament_tab.sd?tourn_id=2015&tab_id=2446&roundTab=roundTab_1
soccerbase,878860,2023-06-30,CONCACAF Gold Cup,2023,default: B,Group B Matches and results,Qatar,Honduras,Honduras,Qatar,0,83987,R Castillo,red,,lineup_bubble,https://www.soccerbase.com/tournaments/tournament_tab.sd?tourn_id=2015&tab_id=2446&roundTab=roundTab_1
soccerbase,878860,2023-06-30,CONCACAF Gold Cup,2023,default: B,Group B Matches and results,Qatar,Honduras,Honduras,Qatar,0,110959,J Jorge Alvarez,yellow,,lineup_bubble,https://www.soccerbase.com/tournaments/tournament_tab.sd?tourn_id=2015&tab_id=2446&roundTab=roundTab_1
soccerbase,878859,2023-06-26,CONCACAF Gold Cup,2023,default: B,Group B Matches and results,Mexico,Honduras,Mexico,Honduras,1,119263,J Sanchez,yellow,,lineup_bubble,https://www.soccerbase.com/tournaments/tournament_tab.sd?tourn_id=2015&tab_id=2446&roundTab=roundTab_1
soccerbase,878859,2023-06-26,CONCACAF Gold Cup,2023,default: B,Group B Matches and results,Mexico,Honduras,Mexico,Honduras,1,106799,U Antuna,yellow,,lineup_bubble,https://www.soccerbase.com/tournaments/tournament_tab.sd?tourn_id=2015&tab_id=2446&roundTab=roundTab_1
soccerbase,878859,2023-06-26,CONCACAF Gold Cup,2023,default: B,Group B Matches and results,Mexico,Honduras,Honduras,Mexico,0,164695,L Vega,yellow,,lineup_bubble,https://www.soccerbase.com/tournaments/tournament_tab.sd?tourn_id=2015&tab_id=2446&roundTab=roundTab_1
soccerbase,878859,2023-06-26,CONCACAF Gold Cup,2023,default: B,Group B Matches and results,Mexico,Honduras,Honduras,Mexico,0,83962,A Elis,yellow,,lineup_bubble,https://www.soccerbase.com/tournaments/tournament_tab.sd?tourn_id=2015&tab_id=2446&roundTab=roundTab_1
soccerbase,878858,2023-06-25,CONCACAF Gold Cup,2023,default: B,Group B Matches and results,Haiti,Qatar,Haiti,Qatar,1,84947,A Christian,yellow,,lineup_bubble,https://www.soccerbase.com/tournaments/tournament_tab.sd?tourn_id=2015&tab_id=2446&roundTab=roundTab_1
soccerbase,878858,2023-06-25,CONCACAF Gold Cup,2023,default: B,Group B Matches and results,Haiti,Qatar,Haiti,Qatar,1,82557,F Picault,yellow,,lineup_bubble,https://www.soccerbase.com/tournaments/tournament_tab.sd?tourn_id=2015&tab_id=2446&roundTab=roundTab_1
soccerbase,878858,2023-06-25,CONCACAF Gold Cup,2023,default: B,Group B Matches and results,Haiti,Qatar,Haiti,Qatar,1,177567,C Sainte,yellow,,lineup_bubble,https://www.soccerbase.com/tournaments/tournament_tab.sd?tourn_id=2015&tab_id=2446&roundTab=roundTab_1
soccerbase,878858,2023-06-25,CONCACAF Gold Cup,2023,default: B,Group B Matches and results,Haiti,Qatar,Qatar,Haiti,0,107961,Bassam Al Rawi,yellow,,lineup_bubble,https://www.soccerbase.com/tournaments/tournament_tab.sd?tourn_id=2015&tab_id=2446&roundTab=roundTab_1
soccerbase,878858,2023-06-25,CONCACAF Gold Cup,2023,default: B,Group B Matches and results,Haiti,Qatar,Qatar,Haiti,0,107744,T Tarek Salman,yellow,,lineup_bubble,https://www.soccerbase.com/tournaments/tournament_tab.sd?tourn_id=2015&tab_id=2446&roundTab=roundTab_1
soccerbase,878858,2023-06-25,CONCACAF Gold Cup,2023,default: B,Group B Matches and results,Haiti,Qatar,Qatar,Haiti,0,172378,Tameem Mansour,yellow,,lineup_bubble,https://www.soccerbase.com/tournaments/tournament_tab.sd?tourn_id=2015&tab_id=2446&roundTab=roundTab_1
soccerbase,878858,2023-06-25,CONCACAF Gold Cup,2023,default: B,Group B Matches and results,Haiti,Qatar,Qatar,Haiti,0,80482,Ali Asad,yellow,,lineup_bubble,https://www.soccerbase.com/tournaments/tournament_tab.sd?tourn_id=2015&tab_id=2446&roundTab=roundTab_1
soccerbase,878868,2023-07-05,CONCACAF Gold Cup,2023,default: C,Group C Matches and results,Costa Rica,Martinique,Costa Rica,Martinique,1,154946,J Valverde,yellow,,lineup_bubble,https://www.soccerbase.com/tournaments/tournament_tab.sd?tourn_id=2015&tab_id=2446&roundTab=roundTab_2
soccerbase,878868,2023-07-05,CONCACAF Gold Cup,2023,default: C,Group C Matches and results,Costa Rica,Martinique,Costa Rica,Martinique,1,161414,R Wilson,yellow,,lineup_bubble,https://www.soccerbase.com/tournaments/tournament_tab.sd?tourn_id=2015&tab_id=2446&roundTab=roundTab_2
soccerbase,878868,2023-07-05,CONCACAF Gold Cup,2023,default: C,Group C Matches and results,Costa Rica,Martinique,Costa Rica,Martinique,1,74838,K Waston,yellow,,lineup_bubble,https://www.soccerbase.com/tournaments/tournament_tab.sd?tourn_id=2015&tab_id=2446&roundTab=roundTab_2
soccerbase,878868,2023-07-05,CONCACAF Gold Cup,2023,default: C,Group C Matches and results,Costa Rica,Martinique,Martinique,Costa Rica,0,108870,Y Clementia,yellow,,lineup_bubble,https://www.soccerbase.com/tournaments/tournament_tab.sd?tourn_id=2015&tab_id=2446&roundTab=roundTab_2
soccerbase,878868,2023-07-05,CONCACAF Gold Cup,2023,default: C,Group C Matches and results,Costa Rica,Martinique,Martinique,Costa Rica,0,178773,A Marny,yellow,,lineup_bubble,https://www.soccerbase.com/tournaments/tournament_tab.sd?tourn_id=2015&tab_id=2446&roundTab=roundTab_2
soccerbase,878868,2023-07-05,CONCACAF Gold Cup,2023,default: C,Group C Matches and results,Costa Rica,Martinique,Martinique,Costa Rica,0,70519,D Herelle,yellow,,lineup_bubble,https://www.soccerbase.com/tournaments/tournament_tab.sd?tourn_id=2015&tab_id=2446&roundTab=roundTab_2
soccerbase,878869,2023-07-05,CONCACAF Gold Cup,2023,default: C,Group C Matches and results,Panama,El Salvador,Panama,El Salvador,1,160447,A Londono,yellow,,lineup_bubble,https://www.soccerbase.com/tournaments/tournament_tab.sd?tourn_id=2015&tab_id=2446&roundTab=roundTab_2
soccerbase,878869,2023-07-05,CONCACAF Gold Cup,2023,default: C,Group C Matches and results,Panama,El Salvador,Panama,El Salvador,1,110553,A Carrasquilla,yellow,,lineup_bubble,https://www.soccerbase.com/tournaments/tournament_tab.sd?tourn_id=2015&tab_id=2446&roundTab=roundTab_2
soccerbase,878869,2023-07-05,CONCACAF Gold Cup,2023,default: C,Group C Matches and results,Panama,El Salvador,Panama,El Salvador,1,56477,C Martinez,yellow,,lineup_bubble,https://www.soccerbase.com/tournaments/tournament_tab.sd?tourn_id=2015&tab_id=2446&roundTab=roundTab_2
soccerbase,878869,2023-07-05,CONCACAF Gold Cup,2023,default: C,Group C Matches and results,Panama,El Salvador,Panama,El Salvador,1,119329,C Blackman,yellow,,lineup_bubble,https://www.soccerbase.com/tournaments/tournament_tab.sd?tourn_id=2015&tab_id=2446&roundTab=roundTab_2
soccerbase,878869,2023-07-05,CONCACAF Gold Cup,2023,default: C,Group C Matches and results,Panama,El Salvador,El Salvador,Panama,0,95843,B Tamacas,yellow,,lineup_bubble,https://www.soccerbase.com/tournaments/tournament_tab.sd?tourn_id=2015&tab_id=2446&roundTab=roundTab_2
soccerbase,878869,2023-07-05,CONCACAF Gold Cup,2023,default: C,Group C Matches and results,Panama,El Salvador,El Salvador,Panama,0,82547,N Orellana,yellow,,lineup_bubble,https://www.soccerbase.com/tournaments/tournament_tab.sd?tourn_id=2015&tab_id=2446&roundTab=roundTab_2
soccerbase,878867,2023-07-01,CONCACAF Gold Cup,2023,default: C,Group C Matches and results,El Salvador,Costa Rica,El Salvador,Costa Rica,1,82547,N Orellana,yellow,,lineup_bubble,https://www.soccerbase.com/tournaments/tournament_tab.sd?tourn_id=2015&tab_id=2446&roundTab=roundTab_2
soccerbase,878867,2023-07-01,CONCACAF Gold Cup,2023,default: C,Group C Matches and results,El Salvador,Costa Rica,Costa Rica,El Salvador,0,103345,J Vargas,yellow,,lineup_bubble,https://www.soccerbase.com/tournaments/tournament_tab.sd?tourn_id=2015&tab_id=2446&roundTab=roundTab_2
soccerbase,878867,2023-07-01,CONCACAF Gold Cup,2023,default: C,Group C Matches and results,El Salvador,Costa Rica,Costa Rica,El Salvador,0,126425,C Nunez,yellow,,lineup_bubble,https://www.soccerbase.com/tournaments/tournament_tab.sd?tourn_id=2015&tab_id=2446&roundTab=roundTab_2
soccerbase,878866,2023-06-30,CONCACAF Gold Cup,2023,default: C,Group C Matches and results,Martinique,Panama,Martinique,Panama,1,140008,E Reuperne,yellow,,lineup_bubble,https://www.soccerbase.com/tournaments/tournament_tab.sd?tourn_id=2015&tab_id=2446&roundTab=roundTab_2
soccerbase,878866,2023-06-30,CONCACAF Gold Cup,2023,default: C,Group C Matches and results,Martinique,Panama,Panama,Martinique,0,59754,A Godoy,yellow,,lineup_bubble,https://www.soccerbase.com/tournaments/tournament_tab.sd?tourn_id=2015&tab_id=2446&roundTab=roundTab_2
soccerbase,878865,2023-06-27,CONCACAF Gold Cup,2023,default: C,Group C Matches and results,Costa Rica,Panama,Costa Rica,Panama,1,111333,W Azofeifa,yellow,,lineup_bubble,https://www.soccerbase.com/tournaments/tournament_tab.sd?tourn_id=2015&tab_id=2446&roundTab=roundTab_2
soccerbase,878865,2023-06-27,CONCACAF Gold Cup,2023,default: C,Group C Matches and results,Costa Rica,Panama,Costa Rica,Panama,1,164713,J Alcocer,yellow,,lineup_bubble,https://www.soccerbase.com/tournaments/tournament_tab.sd?tourn_id=2015&tab_id=2446&roundTab=roundTab_2
soccerbase,878865,2023-06-27,CONCACAF Gold Cup,2023,default: C,Group C Matches and results,Costa Rica,Panama,Panama,Costa Rica,0,59754,A Godoy,yellow,,lineup_bubble,https://www.soccerbase.com/tournaments/tournament_tab.sd?tourn_id=2015&tab_id=2446&roundTab=roundTab_2
soccerbase,878864,2023-06-26,CONCACAF Gold Cup,2023,default: C,Group C Matches and results,El Salvador,Martinique,Martinique,El Salvador,0,146884,R Labonne,yellow,,lineup_bubble,https://www.soccerbase.com/tournaments/tournament_tab.sd?tourn_id=2015&tab_id=2446&roundTab=roundTab_2
soccerbase,878864,2023-06-26,CONCACAF Gold Cup,2023,default: C,Group C Matches and results,El Salvador,Martinique,Martinique,El Salvador,0,172134,K Fabien,yellow,,lineup_bubble,https://www.soccerbase.com/tournaments/tournament_tab.sd?tourn_id=2015&tab_id=2446&roundTab=roundTab_2
soccerbase,878864,2023-06-26,CONCACAF Gold Cup,2023,default: C,Group C Matches and results,El Salvador,Martinique,Martinique,El Salvador,0,76948,J Rivierez,red,,lineup_bubble,https://www.soccerbase.com/tournaments/tournament_tab.sd?tourn_id=2015&tab_id=2446&roundTab=roundTab_2
soccerbase,878882,2023-07-17,CONCACAF Gold Cup,2023,Knockout Stages,Final,Mexico,Panama,Mexico,Panama,1,97325,J Gallardo,yellow,,lineup_bubble,https://www.soccerbase.com/tournaments/tournament.sd?tourn_id=2015&tab=tab-2445
soccerbase,878882,2023-07-17,CONCACAF Gold Cup,2023,Knockout Stages,Final,Mexico,Panama,Mexico,Panama,1,103539,C Montes,yellow,,lineup_bubble,https://www.soccerbase.com/tournaments/tournament.sd?tourn_id=2015&tab=tab-2445
soccerbase,878882,2023-07-17,CONCACAF Gold Cup,2023,Knockout Stages,Final,Mexico,Panama,Mexico,Panama,1,96890,E Alvarez,yellow,,lineup_bubble,https://www.soccerbase.com/tournaments/tournament.sd?tourn_id=2015&tab=tab-2445
soccerbase,878882,2023-07-17,CONCACAF Gold Cup,2023,Knockout Stages,Final,Mexico,Panama,Mexico,Panama,1,117614,J Vasquez,yellow,,lineup_bubble,https://www.soccerbase.com/tournaments/tournament.sd?tourn_id=2015&tab=tab-2445
soccerbase,878882,2023-07-17,CONCACAF Gold Cup,2023,Knockout Stages,Final,Mexico,Panama,Panama,Mexico,0,103541,O Mosquera,yellow,,lineup_bubble,https://www.soccerbase.com/tournaments/tournament.sd?tourn_id=2015&tab=tab-2445
soccerbase,878882,2023-07-17,CONCACAF Gold Cup,2023,Knockout Stages,Final,Mexico,Panama,Panama,Mexico,0,59760,H Cummings,yellow,,lineup_bubble,https://www.soccerbase.com/tournaments/tournament.sd?tourn_id=2015&tab=tab-2445
soccerbase,878882,2023-07-17,CONCACAF Gold Cup,2023,Knockout Stages,Final,Mexico,Panama,Panama,Mexico,0,59754,A Godoy,yellow,,lineup_bubble,https://www.soccerbase.com/tournaments/tournament.sd?tourn_id=2015&tab=tab-2445
soccerbase,878882,2023-07-17,CONCACAF Gold Cup,2023,Knockout Stages,Final,Mexico,Panama,Panama,Mexico,0,110553,A Carrasquilla,yellow,,lineup_bubble,https://www.soccerbase.com/tournaments/tournament.sd?tourn_id=2015&tab=tab-2445
soccerbase,878880,2023-07-13,CONCACAF Gold Cup,2023,Knockout Stages,Semi-finals,Jamaica,Mexico,Jamaica,Mexico,1,100455,D Lowe,yellow,,lineup_bubble,https://www.soccerbase.com/tournaments/tournament.sd?tourn_id=2015&tab=tab-2445
soccerbase,878880,2023-07-13,CONCACAF Gold Cup,2023,Knockout Stages,Semi-finals,Jamaica,Mexico,Jamaica,Mexico,1,123374,D Bernard,yellow,,lineup_bubble,https://www.soccerbase.com/tournaments/tournament.sd?tourn_id=2015&tab=tab-2445
soccerbase,878880,2023-07-13,CONCACAF Gold Cup,2023,Knockout Stages,Semi-finals,Jamaica,Mexico,Jamaica,Mexico,1,101080,K Lambert,yellow,,lineup_bubble,https://www.soccerbase.com/tournaments/tournament.sd?tourn_id=2015&tab=tab-2445
soccerbase,878880,2023-07-13,CONCACAF Gold Cup,2023,Knockout Stages,Semi-finals,Jamaica,Mexico,Mexico,Jamaica,0,96890,E Alvarez,yellow,,lineup_bubble,https://www.soccerbase.com/tournaments/tournament.sd?tourn_id=2015&tab=tab-2445
soccerbase,878880,2023-07-13,CONCACAF Gold Cup,2023,Knockout Stages,Semi-finals,Jamaica,Mexico,Mexico,Jamaica,0,106799,U Antuna,yellow,,lineup_bubble,https://www.soccerbase.com/tournaments/tournament.sd?tourn_id=2015&tab=tab-2445
soccerbase,878881,2023-07-13,CONCACAF Gold Cup,2023,Knockout Stages,Semi-finals,USA,Panama,USA,Panama,1,100772,M Miles Robinson,yellow,,lineup_bubble,https://www.soccerbase.com/tournaments/tournament.sd?tourn_id=2015&tab=tab-2445
soccerbase,878881,2023-07-13,CONCACAF Gold Cup,2023,Knockout Stages,Semi-finals,USA,Panama,Panama,USA,0,59754,A Godoy,yellow,,lineup_bubble,https://www.soccerbase.com/tournaments/tournament.sd?tourn_id=2015&tab=tab-2445
soccerbase,878879,2023-07-10,CONCACAF Gold Cup,2023,Knockout Stages,Quarter-finals,USA,Canada,USA,Canada,1,89077,M Miazga,yellow,,lineup_bubble,https://www.soccerbase.com/tournaments/tournament.sd?tourn_id=2015&tab=tab-2445
soccerbase,878879,2023-07-10,CONCACAF Gold Cup,2023,Knockout Stages,Quarter-finals,USA,Canada,USA,Canada,1,118495,C Cowell,yellow,,lineup_bubble,https://www.soccerbase.com/tournaments/tournament.sd?tourn_id=2015&tab=tab-2445
soccerbase,878879,2023-07-10,CONCACAF Gold Cup,2023,Knockout Stages,Quarter-finals,USA,Canada,Canada,USA,0,129264,Z McGraw,yellow,,lineup_bubble,https://www.soccerbase.com/tournaments/tournament.sd?tourn_id=2015&tab=tab-2445
soccerbase,878879,2023-07-10,CONCACAF Gold Cup,2023,Knockout Stages,Quarter-finals,USA,Canada,Canada,USA,0,88388,L Cavallini,yellow,,lineup_bubble,https://www.soccerbase.com/tournaments/tournament.sd?tourn_id=2015&tab=tab-2445
soccerbase,878879,2023-07-10,CONCACAF Gold Cup,2023,Knockout Stages,Quarter-finals,USA,Canada,Canada,USA,0,70508,J Osorio,yellow,,lineup_bubble,https://www.soccerbase.com/tournaments/tournament.sd?tourn_id=2015&tab=tab-2445
soccerbase,878879,2023-07-10,CONCACAF Gold Cup,2023,Knockout Stages,Quarter-finals,USA,Canada,Canada,USA,0,119010,K Miller,yellow,,lineup_bubble,https://www.soccerbase.com/tournaments/tournament.sd?tourn_id=2015&tab=tab-2445
soccerbase,878878,2023-07-09,CONCACAF Gold Cup,2023,Knockout Stages,Quarter-finals,Guatemala,Jamaica,Guatemala,Jamaica,1,167078,J Ardon,yellow,,lineup_bubble,https://www.soccerbase.com/tournaments/tournament.sd?tourn_id=2015&tab=tab-2445
soccerbase,878878,2023-07-09,CONCACAF Gold Cup,2023,Knockout Stages,Quarter-finals,Guatemala,Jamaica,Jamaica,Guatemala,0,123374,D Bernard,yellow,,lineup_bubble,https://www.soccerbase.com/tournaments/tournament.sd?tourn_id=2015&tab=tab-2445
soccerbase,878878,2023-07-09,CONCACAF Gold Cup,2023,Knockout Stages,Quarter-finals,Guatemala,Jamaica,Jamaica,Guatemala,0,101080,K Lambert,yellow,,lineup_bubble,https://www.soccerbase.com/tournaments/tournament.sd?tourn_id=2015&tab=tab-2445
soccerbase,878878,2023-07-09,CONCACAF Gold Cup,2023,Knockout Stages,Quarter-finals,Guatemala,Jamaica,Jamaica,Guatemala,0,101068,C Burke,yellow,,lineup_bubble,https://www.soccerbase.com/tournaments/tournament.sd?tourn_id=2015&tab=tab-2445
soccerbase,878877,2023-07-09,CONCACAF Gold Cup,2023,Knockout Stages,Quarter-finals,Mexico,Costa Rica,Mexico,Costa Rica,1,96890,E Alvarez,yellow,,lineup_bubble,https://www.soccerbase.com/tournaments/tournament.sd?tourn_id=2015&tab=tab-2445
soccerbase,878877,2023-07-09,CONCACAF Gold Cup,2023,Knockout Stages,Quarter-finals,Mexico,Costa Rica,Costa Rica,Mexico,0,59817,F Calvo,yellow,,lineup_bubble,https://www.soccerbase.com/tournaments/tournament.sd?tourn_id=2015&tab=tab-2445
soccerbase,878877,2023-07-09,CONCACAF Gold Cup,2023,Knockout Stages,Quarter-finals,Mexico,Costa Rica,Costa Rica,Mexico,0,51618,C Borges,yellow,,lineup_bubble,https://www.soccerbase.com/tournaments/tournament.sd?tourn_id=2015&tab=tab-2445
soccerbase,878877,2023-07-09,CONCACAF Gold Cup,2023,Knockout Stages,Quarter-finals,Mexico,Costa Rica,Costa Rica,Mexico,0,111333,W Azofeifa,yellow,,lineup_bubble,https://www.soccerbase.com/tournaments/tournament.sd?tourn_id=2015&tab=tab-2445
soccerbase,784533,2019-06-24,CONCACAF Gold Cup,2019,default,Group A Matches and results,Martinique,Mexico,Martinique,Mexico,1,103410,C Jougon,yellow,,lineup_bubble,https://www.soccerbase.com/tournaments/tournament.sd?tourn_id=1703
soccerbase,784533,2019-06-24,CONCACAF Gold Cup,2019,default,Group A Matches and results,Martinique,Mexico,Martinique,Mexico,1,103362,Y Thimon,yellow,,lineup_bubble,https://www.soccerbase.com/tournaments/tournament.sd?tourn_id=1703
soccerbase,784533,2019-06-24,CONCACAF Gold Cup,2019,default,Group A Matches and results,Martinique,Mexico,Martinique,Mexico,1,101554,J Delem,yellow,,lineup_bubble,https://www.soccerbase.com/tournaments/tournament.sd?tourn_id=1703
soccerbase,784533,2019-06-24,CONCACAF Gold Cup,2019,default,Group A Matches and results,Martinique,Mexico,Mexico,Martinique,0,43835,A Guardado,yellow,,lineup_bubble,https://www.soccerbase.com/tournaments/tournament.sd?tourn_id=1703
soccerbase,784532,2019-06-23,CONCACAF Gold Cup,2019,default,Group A Matches and results,Canada,Cuba,Canada,Cuba,1,44433,S Arfield,yellow,,lineup_bubble,https://www.soccerbase.com/tournaments/tournament.sd?tourn_id=1703
soccerbase,784532,2019-06-23,CONCACAF Gold Cup,2019,default,Group A Matches and results,Canada,Cuba,Cuba,Canada,0,97358,J Piedra,yellow,,lineup_bubble,https://www.soccerbase.com/tournaments/tournament.sd?tourn_id=1703
soccerbase,784532,2019-06-23,CONCACAF Gold Cup,2019,default,Group A Matches and results,Canada,Cuba,Cuba,Canada,0,120828,D Morejon,yellow,,lineup_bubble,https://www.soccerbase.com/tournaments/tournament.sd?tourn_id=1703
soccerbase,784532,2019-06-23,CONCACAF Gold Cup,2019,default,Group A Matches and results,Canada,Cuba,Cuba,Canada,0,120140,L Paradela,yellow,,lineup_bubble,https://www.soccerbase.com/tournaments/tournament.sd?tourn_id=1703
soccerbase,784526,2019-06-20,CONCACAF Gold Cup,2019,default,Group A Matches and results,Cuba,Martinique,Cuba,Martinique,1,84715,D Luis,yellow,,lineup_bubble,https://www.soccerbase.com/tournaments/tournament.sd?tourn_id=1703
soccerbase,784526,2019-06-20,CONCACAF Gold Cup,2019,default,Group A Matches and results,Cuba,Martinique,Cuba,Martinique,1,97359,E Rizo,yellow,,lineup_bubble,https://www.soccerbase.com/tournaments/tournament.sd?tourn_id=1703
soccerbase,784526,2019-06-20,CONCACAF Gold Cup,2019,default,Group A Matches and results,Cuba,Martinique,Cuba,Martinique,1,97359,E Rizo,red,,lineup_bubble,https://www.soccerbase.com/tournaments/tournament.sd?tourn_id=1703
soccerbase,784526,2019-06-20,CONCACAF Gold Cup,2019,default,Group A Matches and results,Cuba,Martinique,Cuba,Martinique,1,120293,A Alvarez,yellow,,lineup_bubble,https://www.soccerbase.com/tournaments/tournament.sd?tourn_id=1703
soccerbase,784526,2019-06-20,CONCACAF Gold Cup,2019,default,Group A Matches and results,Cuba,Martinique,Cuba,Martinique,1,120831,K Espino,yellow,,lineup_bubble,https://www.soccerbase.com/tournaments/tournament.sd?tourn_id=1703
soccerbase,784526,2019-06-20,CONCACAF Gold Cup,2019,default,Group A Matches and results,Cuba,Martinique,Martinique,Cuba,0,53354,J Marveaux,yellow,,lineup_bubble,https://www.soccerbase.com/tournaments/tournament.sd?tourn_id=1703
soccerbase,784526,2019-06-20,CONCACAF Gold Cup,2019,default,Group A Matches and results,Cuba,Martinique,Martinique,Cuba,0,54919,S Camille,yellow,,lineup_bubble,https://www.soccerbase.com/tournaments/tournament.sd?tourn_id=1703
soccerbase,784526,2019-06-20,CONCACAF Gold Cup,2019,default,Group A Matches and results,Cuba,Martinique,Martinique,Cuba,0,120191,M Biron,yellow,,lineup_bubble,https://www.soccerbase.com/tournaments/tournament.sd?tourn_id=1703
soccerbase,784527,2019-06-20,CONCACAF Gold Cup,2019,default,Group A Matches and results,Mexico,Canada,Canada,Mexico,0,103008,M Kaye,yellow,,lineup_bubble,https://www.soccerbase.com/tournaments/tournament.sd?tourn_id=1703
soccerbase,784520,2019-06-16,CONCACAF Gold Cup,2019,default,Group A Matches and results,Canada,Martinique,Canada,Martinique,1,70507,S Piette,yellow,,lineup_bubble,https://www.soccerbase.com/tournaments/tournament.sd?tourn_id=1703
soccerbase,784520,2019-06-16,CONCACAF Gold Cup,2019,default,Group A Matches and results,Canada,Martinique,Martinique,Canada,0,101554,J Delem,yellow,,lineup_bubble,https://www.soccerbase.com/tournaments/tournament.sd?tourn_id=1703
soccerbase,784521,2019-06-16,CONCACAF Gold Cup,2019,default,Group A Matches and results,Mexico,Cuba,Cuba,Mexico,0,120832,L Morris,yellow,,lineup_bubble,https://www.soccerbase.com/tournaments/tournament.sd?tourn_id=1703
soccerbase,784535,2019-06-25,CONCACAF Gold Cup,2019,default: B,Group B Matches and results,Haiti,Costa Rica,Haiti,Costa Rica,1,91430,J Desire,yellow,,lineup_bubble,https://www.soccerbase.com/tournaments/tournament_tab.sd?tourn_id=1703&tab_id=2091&roundTab=roundTab_1
soccerbase,784535,2019-06-25,CONCACAF Gold Cup,2019,default: B,Group B Matches and results,Haiti,Costa Rica,Costa Rica,Haiti,0,86164,R Leal,yellow,,lineup_bubble,https://www.soccerbase.com/tournaments/tournament_tab.sd?tourn_id=1703&tab_id=2091&roundTab=roundTab_1
soccerbase,784535,2019-06-25,CONCACAF Gold Cup,2019,default: B,Group B Matches and results,Haiti,Costa Rica,Costa Rica,Haiti,0,34964,A Saborio,yellow,,lineup_bubble,https://www.soccerbase.com/tournaments/tournament_tab.sd?tourn_id=1703&tab_id=2091&roundTab=roundTab_1
soccerbase,784534,2019-06-24,CONCACAF Gold Cup,2019,default: B,Group B Matches and results,Bermuda,Nicaragua,Bermuda,Nicaragua,1,100858,L Simmons,yellow,,lineup_bubble,https://www.soccerbase.com/tournaments/tournament_tab.sd?tourn_id=1703&tab_id=2091&roundTab=roundTab_1
soccerbase,784534,2019-06-24,CONCACAF Gold Cup,2019,default: B,Group B Matches and results,Bermuda,Nicaragua,Nicaragua,Bermuda,0,120692,B Bonilla,yellow,,lineup_bubble,https://www.soccerbase.com/tournaments/tournament_tab.sd?tourn_id=1703&tab_id=2091&roundTab=roundTab_1
soccerbase,784534,2019-06-24,CONCACAF Gold Cup,2019,default: B,Group B Matches and results,Bermuda,Nicaragua,Nicaragua,Bermuda,0,119059,K Serapio,yellow,,lineup_bubble,https://www.soccerbase.com/tournaments/tournament_tab.sd?tourn_id=1703&tab_id=2091&roundTab=roundTab_1
soccerbase,784529,2019-06-21,CONCACAF Gold Cup,2019,default: B,Group B Matches and results,Costa Rica,Bermuda,Costa Rica,Bermuda,1,59819,O Duarte,yellow,,lineup_bubble,https://www.soccerbase.com/tournaments/tournament_tab.sd?tourn_id=1703&tab_id=2091&roundTab=roundTab_1
soccerbase,784529,2019-06-21,CONCACAF Gold Cup,2019,default: B,Group B Matches and results,Costa Rica,Bermuda,Costa Rica,Bermuda,1,52549,B Ruiz,yellow,,lineup_bubble,https://www.soccerbase.com/tournaments/tournament_tab.sd?tourn_id=1703&tab_id=2091&roundTab=roundTab_1
soccerbase,784529,2019-06-21,CONCACAF Gold Cup,2019,default: B,Group B Matches and results,Costa Rica,Bermuda,Bermuda,Costa Rica,0,120288,J Bather,yellow,,lineup_bubble,https://www.soccerbase.com/tournaments/tournament_tab.sd?tourn_id=1703&tab_id=2091&roundTab=roundTab_1
soccerbase,784529,2019-06-21,CONCACAF Gold Cup,2019,default: B,Group B Matches and results,Costa Rica,Bermuda,Bermuda,Costa Rica,0,120835,W Ming,yellow,,lineup_bubble,https://www.soccerbase.com/tournaments/tournament_tab.sd?tourn_id=1703&tab_id=2091&roundTab=roundTab_1
soccerbase,784528,2019-06-21,CONCACAF Gold Cup,2019,default: B,Group B Matches and results,Nicaragua,Haiti,Nicaragua,Haiti,1,101789,O Lopez,yellow,,lineup_bubble,https://www.soccerbase.com/tournaments/tournament_tab.sd?tourn_id=1703&tab_id=2091&roundTab=roundTab_1
soccerbase,784528,2019-06-21,CONCACAF Gold Cup,2019,default: B,Group B Matches and results,Nicaragua,Haiti,Nicaragua,Haiti,1,119059,K Serapio,yellow,,lineup_bubble,https://www.soccerbase.com/tournaments/tournament_tab.sd?tourn_id=1703&tab_id=2091&roundTab=roundTab_1
soccerbase,784528,2019-06-21,CONCACAF Gold Cup,2019,default: B,Group B Matches and results,Nicaragua,Haiti,Haiti,Nicaragua,0,70322,W Guerrier,yellow,,lineup_bubble,https://www.soccerbase.com/tournaments/tournament_tab.sd?tourn_id=1703&tab_id=2091&roundTab=roundTab_1
soccerbase,784528,2019-06-21,CONCACAF Gold Cup,2019,default: B,Group B Matches and results,Nicaragua,Haiti,Haiti,Nicaragua,0,83485,C Arcus,yellow,,lineup_bubble,https://www.soccerbase.com/tournaments/tournament_tab.sd?tourn_id=1703&tab_id=2091&roundTab=roundTab_1
soccerbase,784528,2019-06-21,CONCACAF Gold Cup,2019,default: B,Group B Matches and results,Nicaragua,Haiti,Haiti,Nicaragua,0,91330,D Etienne Jr.,yellow,,lineup_bubble,https://www.soccerbase.com/tournaments/tournament_tab.sd?tourn_id=1703&tab_id=2091&roundTab=roundTab_1
soccerbase,784528,2019-06-21,CONCACAF Gold Cup,2019,default: B,Group B Matches and results,Nicaragua,Haiti,Haiti,Nicaragua,0,110416,F Pierrot,yellow,,lineup_bubble,https://www.soccerbase.com/tournaments/tournament_tab.sd?tourn_id=1703&tab_id=2091&roundTab=roundTab_1
soccerbase,784523,2019-06-17,CONCACAF Gold Cup,2019,default: B,Group B Matches and results,Costa Rica,Nicaragua,Costa Rica,Nicaragua,1,74838,K Waston,yellow,,lineup_bubble,https://www.soccerbase.com/tournaments/tournament_tab.sd?tourn_id=1703&tab_id=2091&roundTab=roundTab_1
soccerbase,784523,2019-06-17,CONCACAF Gold Cup,2019,default: B,Group B Matches and results,Costa Rica,Nicaragua,Nicaragua,Costa Rica,0,101752,L Copete,yellow,,lineup_bubble,https://www.soccerbase.com/tournaments/tournament_tab.sd?tourn_id=1703&tab_id=2091&roundTab=roundTab_1
soccerbase,784522,2019-06-16,CONCACAF Gold Cup,2019,default: B,Group B Matches and results,Haiti,Bermuda,Haiti,Bermuda,1,70322,W Guerrier,yellow,,lineup_bubble,https://www.soccerbase.com/tournaments/tournament_tab.sd?tourn_id=1703&tab_id=2091&roundTab=roundTab_1
soccerbase,784522,2019-06-16,CONCACAF Gold Cup,2019,default: B,Group B Matches and results,Haiti,Bermuda,Bermuda,Haiti,0,120282,J Donawa,yellow,,lineup_bubble,https://www.soccerbase.com/tournaments/tournament_tab.sd?tourn_id=1703&tab_id=2091&roundTab=roundTab_1
soccerbase,784537,2019-06-26,CONCACAF Gold Cup,2019,default: C,Group C Matches and results,Honduras,El Salvador,Honduras,El Salvador,1,83971,H Figueroa,yellow,,lineup_bubble,https://www.soccerbase.com/tournaments/tournament_tab.sd?tourn_id=1703&tab_id=2091&roundTab=roundTab_2
soccerbase,784537,2019-06-26,CONCACAF Gold Cup,2019,default: C,Group C Matches and results,Honduras,El Salvador,El Salvador,Honduras,0,95843,B Tamacas,yellow,,lineup_bubble,https://www.soccerbase.com/tournaments/tournament_tab.sd?tourn_id=1703&tab_id=2091&roundTab=roundTab_2
soccerbase,784536,2019-06-26,CONCACAF Gold Cup,2019,default: C,Group C Matches and results,Jamaica,Curacao,Curacao,Jamaica,0,56704,J Antonia,yellow,,lineup_bubble,https://www.soccerbase.com/tournaments/tournament_tab.sd?tourn_id=1703&tab_id=2091&roundTab=roundTab_2
soccerbase,784530,2019-06-22,CONCACAF Gold Cup,2019,default: C,Group C Matches and results,El Salvador,Jamaica,El Salvador,Jamaica,1,89198,R Dominguez,yellow,,lineup_bubble,https://www.soccerbase.com/tournaments/tournament_tab.sd?tourn_id=1703&tab_id=2091&roundTab=roundTab_2
soccerbase,784530,2019-06-22,CONCACAF Gold Cup,2019,default: C,Group C Matches and results,El Salvador,Jamaica,El Salvador,Jamaica,1,89200,J Jimenez,yellow,,lineup_bubble,https://www.soccerbase.com/tournaments/tournament_tab.sd?tourn_id=1703&tab_id=2091&roundTab=roundTab_2
soccerbase,784530,2019-06-22,CONCACAF Gold Cup,2019,default: C,Group C Matches and results,El Salvador,Jamaica,El Salvador,Jamaica,1,70579,D Ceren,yellow,,lineup_bubble,https://www.soccerbase.com/tournaments/tournament_tab.sd?tourn_id=1703&tab_id=2091&roundTab=roundTab_2
soccerbase,784530,2019-06-22,CONCACAF Gold Cup,2019,default: C,Group C Matches and results,El Salvador,Jamaica,Jamaica,El Salvador,0,100455,D Lowe,yellow,,lineup_bubble,https://www.soccerbase.com/tournaments/tournament_tab.sd?tourn_id=1703&tab_id=2091&roundTab=roundTab_2
soccerbase,784530,2019-06-22,CONCACAF Gold Cup,2019,default: C,Group C Matches and results,El Salvador,Jamaica,Jamaica,El Salvador,0,91412,J Flemmings,yellow,,lineup_bubble,https://www.soccerbase.com/tournaments/tournament_tab.sd?tourn_id=1703&tab_id=2091&roundTab=roundTab_2
soccerbase,784530,2019-06-22,CONCACAF Gold Cup,2019,default: C,Group C Matches and results,El Salvador,Jamaica,Jamaica,El Salvador,0,70172,D Orgill,yellow,,lineup_bubble,https://www.soccerbase.com/tournaments/tournament_tab.sd?tourn_id=1703&tab_id=2091&roundTab=roundTab_2
soccerbase,784524,2019-06-18,CONCACAF Gold Cup,2019,default: C,Group C Matches and results,Curacao,El Salvador,Curacao,El Salvador,1,111373,J Carolina,yellow,,lineup_bubble,https://www.soccerbase.com/tournaments/tournament_tab.sd?tourn_id=1703&tab_id=2091&roundTab=roundTab_2
soccerbase,784524,2019-06-18,CONCACAF Gold Cup,2019,default: C,Group C Matches and results,Curacao,El Salvador,Curacao,El Salvador,1,80109,G van Kessel,yellow,,lineup_bubble,https://www.soccerbase.com/tournaments/tournament_tab.sd?tourn_id=1703&tab_id=2091&roundTab=roundTab_2
soccerbase,784524,2019-06-18,CONCACAF Gold Cup,2019,default: C,Group C Matches and results,Curacao,El Salvador,Curacao,El Salvador,1,103325,Shermaine Martina,yellow,,lineup_bubble,https://www.soccerbase.com/tournaments/tournament_tab.sd?tourn_id=1703&tab_id=2091&roundTab=roundTab_2
soccerbase,784524,2019-06-18,CONCACAF Gold Cup,2019,default: C,Group C Matches and results,Curacao,El Salvador,El Salvador,Curacao,0,76820,N Bonilla,yellow,,lineup_bubble,https://www.soccerbase.com/tournaments/tournament_tab.sd?tourn_id=1703&tab_id=2091&roundTab=roundTab_2
soccerbase,784525,2019-06-18,CONCACAF Gold Cup,2019,default: C,Group C Matches and results,Jamaica,Honduras,Honduras,Jamaica,0,83962,A Elis,yellow,,lineup_bubble,https://www.soccerbase.com/tournaments/tournament_tab.sd?tourn_id=1703&tab_id=2091&roundTab=roundTab_2
soccerbase,784543,2019-07-04,CONCACAF Gold Cup,2019,Knockout Stages,Semi-finals,Jamaica,USA,Jamaica,USA,1,67201,J Watson,yellow,,lineup_bubble,https://www.soccerbase.com/tournaments/tournament.sd?tourn_id=1703&tab=tab-2090
soccerbase,784543,2019-07-04,CONCACAF Gold Cup,2019,Knockout Stages,Semi-finals,Jamaica,USA,Jamaica,USA,1,91412,J Flemmings,yellow,,lineup_bubble,https://www.soccerbase.com/tournaments/tournament.sd?tourn_id=1703&tab=tab-2090
soccerbase,784543,2019-07-04,CONCACAF Gold Cup,2019,Knockout Stages,Semi-finals,Jamaica,USA,Jamaica,USA,1,115948,P Vassell,yellow,,lineup_bubble,https://www.soccerbase.com/tournaments/tournament.sd?tourn_id=1703&tab=tab-2090
soccerbase,784543,2019-07-04,CONCACAF Gold Cup,2019,Knockout Stages,Semi-finals,Jamaica,USA,USA,Jamaica,0,102803,W McKennie,yellow,,lineup_bubble,https://www.soccerbase.com/tournaments/tournament.sd?tourn_id=1703&tab=tab-2090
soccerbase,784543,2019-07-04,CONCACAF Gold Cup,2019,Knockout Stages,Semi-finals,Jamaica,USA,USA,Jamaica,0,49192,J Altidore,yellow,,lineup_bubble,https://www.soccerbase.com/tournaments/tournament.sd?tourn_id=1703&tab=tab-2090
soccerbase,784542,2019-07-03,CONCACAF Gold Cup,2019,Knockout Stages,Semi-finals,Haiti,Mexico,Haiti,Mexico,1,91426,B Alceus,yellow,,lineup_bubble,https://www.soccerbase.com/tournaments/tournament.sd?tourn_id=1703&tab=tab-2090
soccerbase,784542,2019-07-03,CONCACAF Gold Cup,2019,Knockout Stages,Semi-finals,Haiti,Mexico,Mexico,Haiti,0,83166,L Luis Rodriguez,yellow,,lineup_bubble,https://www.soccerbase.com/tournaments/tournament.sd?tourn_id=1703&tab=tab-2090
soccerbase,784542,2019-07-03,CONCACAF Gold Cup,2019,Knockout Stages,Semi-finals,Haiti,Mexico,Mexico,Haiti,0,52249,H Moreno,yellow,,lineup_bubble,https://www.soccerbase.com/tournaments/tournament.sd?tourn_id=1703&tab=tab-2090
soccerbase,784541,2019-07-01,CONCACAF Gold Cup,2019,Knockout Stages,Quarter-finals,USA,Curacao,Curacao,USA,0,103325,Shermaine Martina,yellow,,lineup_bubble,https://www.soccerbase.com/tournaments/tournament.sd?tourn_id=1703&tab=tab-2090
soccerbase,784541,2019-07-01,CONCACAF Gold Cup,2019,Knockout Stages,Quarter-finals,USA,Curacao,Curacao,USA,0,65982,E Hooi,yellow,,lineup_bubble,https://www.soccerbase.com/tournaments/tournament.sd?tourn_id=1703&tab=tab-2090
soccerbase,784538,2019-06-30,CONCACAF Gold Cup,2019,Knockout Stages,Quarter-finals,Haiti,Canada,Haiti,Canada,1,112323,S Saba,yellow,,lineup_bubble,https://www.soccerbase.com/tournaments/tournament.sd?tourn_id=1703&tab=tab-2090
soccerbase,784538,2019-06-30,CONCACAF Gold Cup,2019,Knockout Stages,Quarter-finals,Haiti,Canada,Canada,Haiti,0,70504,D Henry,yellow,,lineup_bubble,https://www.soccerbase.com/tournaments/tournament.sd?tourn_id=1703&tab=tab-2090
soccerbase,784540,2019-06-30,CONCACAF Gold Cup,2019,Knockout Stages,Quarter-finals,Jamaica,Panama,Jamaica,Panama,1,100455,D Lowe,yellow,,lineup_bubble,https://www.soccerbase.com/tournaments/tournament.sd?tourn_id=1703&tab=tab-2090
soccerbase,784540,2019-06-30,CONCACAF Gold Cup,2019,Knockout Stages,Quarter-finals,Jamaica,Panama,Jamaica,Panama,1,101081,S Nicholson,yellow,,lineup_bubble,https://www.soccerbase.com/tournaments/tournament.sd?tourn_id=1703&tab=tab-2090
soccerbase,784540,2019-06-30,CONCACAF Gold Cup,2019,Knockout Stages,Quarter-finals,Jamaica,Panama,Jamaica,Panama,1,55414,M Hector,yellow,,lineup_bubble,https://www.soccerbase.com/tournaments/tournament.sd?tourn_id=1703&tab=tab-2090
soccerbase,784540,2019-06-30,CONCACAF Gold Cup,2019,Knockout Stages,Quarter-finals,Jamaica,Panama,Panama,Jamaica,0,91368,Y Barcenas,yellow,,lineup_bubble,https://www.soccerbase.com/tournaments/tournament.sd?tourn_id=1703&tab=tab-2090
soccerbase,784539,2019-06-30,CONCACAF Gold Cup,2019,Knockout Stages,Quarter-finals,Mexico,Costa Rica,Mexico,Costa Rica,1,83166,L Luis Rodriguez,yellow,,lineup_bubble,https://www.soccerbase.com/tournaments/tournament.sd?tourn_id=1703&tab=tab-2090
soccerbase,784539,2019-06-30,CONCACAF Gold Cup,2019,Knockout Stages,Quarter-finals,Mexico,Costa Rica,Mexico,Costa Rica,1,83151,C Salcedo,yellow,,lineup_bubble,https://www.soccerbase.com/tournaments/tournament.sd?tourn_id=1703&tab=tab-2090
soccerbase,784539,2019-06-30,CONCACAF Gold Cup,2019,Knockout Stages,Quarter-finals,Mexico,Costa Rica,Mexico,Costa Rica,1,52924,J dos Santos,yellow,,lineup_bubble,https://www.soccerbase.com/tournaments/tournament.sd?tourn_id=1703&tab=tab-2090
soccerbase,784539,2019-06-30,CONCACAF Gold Cup,2019,Knockout Stages,Quarter-finals,Mexico,Costa Rica,Mexico,Costa Rica,1,109078,C Rodriguez,yellow,,lineup_bubble,https://www.soccerbase.com/tournaments/tournament.sd?tourn_id=1703&tab=tab-2090
soccerbase,784539,2019-06-30,CONCACAF Gold Cup,2019,Knockout Stages,Quarter-finals,Mexico,Costa Rica,Costa Rica,Mexico,0,59819,O Duarte,yellow,,lineup_bubble,https://www.soccerbase.com/tournaments/tournament.sd?tourn_id=1703&tab=tab-2090
soccerbase,784539,2019-06-30,CONCACAF Gold Cup,2019,Knockout Stages,Quarter-finals,Mexico,Costa Rica,Costa Rica,Mexico,0,117631,K Fuller,yellow,,lineup_bubble,https://www.soccerbase.com/tournaments/tournament.sd?tourn_id=1703&tab=tab-2090
soccerbase,784539,2019-06-30,CONCACAF Gold Cup,2019,Knockout Stages,Quarter-finals,Mexico,Costa Rica,Costa Rica,Mexico,0,61557,C Gamboa,yellow,,lineup_bubble,https://www.soccerbase.com/tournaments/tournament.sd?tourn_id=1703&tab=tab-2090
soccerbase,784539,2019-06-30,CONCACAF Gold Cup,2019,Knockout Stages,Quarter-finals,Mexico,Costa Rica,Costa Rica,Mexico,0,110699,Allan Cruz,yellow,,lineup_bubble,https://www.soccerbase.com/tournaments/tournament.sd?tourn_id=1703&tab=tab-2090
soccerbase,784539,2019-06-30,CONCACAF Gold Cup,2019,Knockout Stages,Quarter-finals,Mexico,Costa Rica,Costa Rica,Mexico,0,52549,B Ruiz,yellow,,lineup_bubble,https://www.soccerbase.com/tournaments/tournament.sd?tourn_id=1703&tab=tab-2090
soccerbase,707957,2015-07-27,CONCACAF Gold Cup,2015,default,Final,Jamaica,Mexico,Jamaica,Mexico,1,67201,J Watson,yellow,,lineup_bubble,https://www.soccerbase.com/tournaments/tournament.sd?tourn_id=1434
soccerbase,707957,2015-07-27,CONCACAF Gold Cup,2015,default,Final,Jamaica,Mexico,Jamaica,Mexico,1,59644,R Austin,yellow,,lineup_bubble,https://www.soccerbase.com/tournaments/tournament.sd?tourn_id=1434
soccerbase,707957,2015-07-27,CONCACAF Gold Cup,2015,default,Final,Jamaica,Mexico,Mexico,Jamaica,0,59862,D Reyes,yellow,,lineup_bubble,https://www.soccerbase.com/tournaments/tournament.sd?tourn_id=1434
soccerbase,707957,2015-07-27,CONCACAF Gold Cup,2015,default,Final,Jamaica,Mexico,Mexico,Jamaica,0,82633,J Duenas,yellow,,lineup_bubble,https://www.soccerbase.com/tournaments/tournament.sd?tourn_id=1434
soccerbase,707956,2015-07-25,CONCACAF Gold Cup,2015,default,3rd/4th Place play-off,USA,Panama,USA,Panama,1,58182,T Chandler,yellow,,lineup_bubble,https://www.soccerbase.com/tournaments/tournament.sd?tourn_id=1434
soccerbase,707956,2015-07-25,CONCACAF Gold Cup,2015,default,3rd/4th Place play-off,USA,Panama,USA,Panama,1,52610,F Johnson,yellow,,lineup_bubble,https://www.soccerbase.com/tournaments/tournament.sd?tourn_id=1434
soccerbase,707956,2015-07-25,CONCACAF Gold Cup,2015,default,3rd/4th Place play-off,USA,Panama,USA,Panama,1,76148,D Yedlin,yellow,,lineup_bubble,https://www.soccerbase.com/tournaments/tournament.sd?tourn_id=1434
soccerbase,707956,2015-07-25,CONCACAF Gold Cup,2015,default,3rd/4th Place play-off,USA,Panama,Panama,USA,0,59758,R Torres,yellow,,lineup_bubble,https://www.soccerbase.com/tournaments/tournament.sd?tourn_id=1434
soccerbase,707956,2015-07-25,CONCACAF Gold Cup,2015,default,3rd/4th Place play-off,USA,Panama,Panama,USA,0,59754,A Godoy,yellow,,lineup_bubble,https://www.soccerbase.com/tournaments/tournament.sd?tourn_id=1434
soccerbase,707956,2015-07-25,CONCACAF Gold Cup,2015,default,3rd/4th Place play-off,USA,Panama,Panama,USA,0,59753,A Cooper,yellow,,lineup_bubble,https://www.soccerbase.com/tournaments/tournament.sd?tourn_id=1434
soccerbase,708024,2015-07-23,CONCACAF Gold Cup,2015,default,Semi-finals,Panama,Mexico,Panama,Mexico,1,59760,H Cummings,yellow,,lineup_bubble,https://www.soccerbase.com/tournaments/tournament.sd?tourn_id=1434
soccerbase,708024,2015-07-23,CONCACAF Gold Cup,2015,default,Semi-finals,Panama,Mexico,Panama,Mexico,1,59758,R Torres,yellow,,lineup_bubble,https://www.soccerbase.com/tournaments/tournament.sd?tourn_id=1434
soccerbase,708024,2015-07-23,CONCACAF Gold Cup,2015,default,Semi-finals,Panama,Mexico,Panama,Mexico,1,54865,A Quintero,yellow,,lineup_bubble,https://www.soccerbase.com/tournaments/tournament.sd?tourn_id=1434
soccerbase,708024,2015-07-23,CONCACAF Gold Cup,2015,default,Semi-finals,Panama,Mexico,Panama,Mexico,1,59754,A Godoy,yellow,,lineup_bubble,https://www.soccerbase.com/tournaments/tournament.sd?tourn_id=1434
soccerbase,708024,2015-07-23,CONCACAF Gold Cup,2015,default,Semi-finals,Panama,Mexico,Panama,Mexico,1,59753,A Cooper,yellow,,lineup_bubble,https://www.soccerbase.com/tournaments/tournament.sd?tourn_id=1434
soccerbase,708024,2015-07-23,CONCACAF Gold Cup,2015,default,Semi-finals,Panama,Mexico,Panama,Mexico,1,84701,V Pimentel,yellow,,lineup_bubble,https://www.soccerbase.com/tournaments/tournament.sd?tourn_id=1434
soccerbase,708024,2015-07-23,CONCACAF Gold Cup,2015,default,Semi-finals,Panama,Mexico,Panama,Mexico,1,31212,L Tejada,red,,lineup_bubble,https://www.soccerbase.com/tournaments/tournament.sd?tourn_id=1434
soccerbase,708024,2015-07-23,CONCACAF Gold Cup,2015,default,Semi-finals,Panama,Mexico,Panama,Mexico,1,82621,R Nurse,yellow,,lineup_bubble,https://www.soccerbase.com/tournaments/tournament.sd?tourn_id=1434
soccerbase,708024,2015-07-23,CONCACAF Gold Cup,2015,default,Semi-finals,Panama,Mexico,Mexico,Panama,0,54583,P Aguilar,yellow,,lineup_bubble,https://www.soccerbase.com/tournaments/tournament.sd?tourn_id=1434
soccerbase,708024,2015-07-23,CONCACAF Gold Cup,2015,default,Semi-finals,Panama,Mexico,Mexico,Panama,0,70533,J Orozco,yellow,,lineup_bubble,https://www.soccerbase.com/tournaments/tournament.sd?tourn_id=1434
soccerbase,708024,2015-07-23,CONCACAF Gold Cup,2015,default,Semi-finals,Panama,Mexico,Mexico,Panama,0,69152,H Herrera,yellow,,lineup_bubble,https://www.soccerbase.com/tournaments/tournament.sd?tourn_id=1434
soccerbase,708024,2015-07-23,CONCACAF Gold Cup,2015,default,Semi-finals,Panama,Mexico,Mexico,Panama,0,49191,C Vela,yellow,,lineup_bubble,https://www.soccerbase.com/tournaments/tournament.sd?tourn_id=1434
soccerbase,707955,2015-07-22,CONCACAF Gold Cup,2015,default,Semi-finals,USA,Jamaica,USA,Jamaica,1,46610,K Beckerman,yellow,,lineup_bubble,https://www.soccerbase.com/tournaments/tournament.sd?tourn_id=1434
soccerbase,707955,2015-07-22,CONCACAF Gold Cup,2015,default,Semi-finals,USA,Jamaica,USA,Jamaica,1,76148,D Yedlin,yellow,,lineup_bubble,https://www.soccerbase.com/tournaments/tournament.sd?tourn_id=1434
soccerbase,707955,2015-07-22,CONCACAF Gold Cup,2015,default,Semi-finals,USA,Jamaica,Jamaica,USA,0,48845,G McCleary,yellow,,lineup_bubble,https://www.soccerbase.com/tournaments/tournament.sd?tourn_id=1434
soccerbase,708023,2015-07-20,CONCACAF Gold Cup,2015,default,Quarter-finals,Mexico,Costa Rica,Mexico,Costa Rica,1,43836,F Rodriguez,yellow,,lineup_bubble,https://www.soccerbase.com/tournaments/tournament.sd?tourn_id=1434
soccerbase,708023,2015-07-20,CONCACAF Gold Cup,2015,default,Quarter-finals,Mexico,Costa Rica,Mexico,Costa Rica,1,84241,Yasser Corona,yellow,,lineup_bubble,https://www.soccerbase.com/tournaments/tournament.sd?tourn_id=1434
soccerbase,708023,2015-07-20,CONCACAF Gold Cup,2015,default,Quarter-finals,Mexico,Costa Rica,Mexico,Costa Rica,1,52924,J dos Santos,yellow,,lineup_bubble,https://www.soccerbase.com/tournaments/tournament.sd?tourn_id=1434
soccerbase,708023,2015-07-20,CONCACAF Gold Cup,2015,default,Quarter-finals,Mexico,Costa Rica,Mexico,Costa Rica,1,49191,C Vela,yellow,,lineup_bubble,https://www.soccerbase.com/tournaments/tournament.sd?tourn_id=1434
soccerbase,708023,2015-07-20,CONCACAF Gold Cup,2015,default,Quarter-finals,Mexico,Costa Rica,Mexico,Costa Rica,1,59864,O Peralta,yellow,,lineup_bubble,https://www.soccerbase.com/tournaments/tournament.sd?tourn_id=1434
soccerbase,708023,2015-07-20,CONCACAF Gold Cup,2015,default,Quarter-finals,Mexico,Costa Rica,Costa Rica,Mexico,0,65972,G Gonzalez,yellow,,lineup_bubble,https://www.soccerbase.com/tournaments/tournament.sd?tourn_id=1434
soccerbase,708023,2015-07-20,CONCACAF Gold Cup,2015,default,Quarter-finals,Mexico,Costa Rica,Costa Rica,Mexico,0,38638,J Diaz,yellow,,lineup_bubble,https://www.soccerbase.com/tournaments/tournament.sd?tourn_id=1434
soccerbase,708023,2015-07-20,CONCACAF Gold Cup,2015,default,Quarter-finals,Mexico,Costa Rica,Costa Rica,Mexico,0,76307,D Myrie,yellow,,lineup_bubble,https://www.soccerbase.com/tournaments/tournament.sd?tourn_id=1434
soccerbase,708023,2015-07-20,CONCACAF Gold Cup,2015,default,Quarter-finals,Mexico,Costa Rica,Costa Rica,Mexico,0,59702,J Campbell,yellow,,lineup_bubble,https://www.soccerbase.com/tournaments/tournament.sd?tourn_id=1434
soccerbase,708023,2015-07-20,CONCACAF Gold Cup,2015,default,Quarter-finals,Mexico,Costa Rica,Costa Rica,Mexico,0,59830,J Cubero,yellow,,lineup_bubble,https://www.soccerbase.com/tournaments/tournament.sd?tourn_id=1434
soccerbase,708023,2015-07-20,CONCACAF Gold Cup,2015,default,Quarter-finals,Mexico,Costa Rica,Costa Rica,Mexico,0,62647,R Miller,yellow,,lineup_bubble,https://www.soccerbase.com/tournaments/tournament.sd?tourn_id=1434
soccerbase,707954,2015-07-19,CONCACAF Gold Cup,2015,default,Quarter-finals,Haiti,Jamaica,Jamaica,Haiti,0,41227,A Mariappa,yellow,,lineup_bubble,https://www.soccerbase.com/tournaments/tournament.sd?tourn_id=1434
soccerbase,718773,2015-07-19,CONCACAF Gold Cup,2015,default,Quarter-finals,Trinidad,Panama,Trinidad,Panama,1,76243,K George,yellow,,lineup_bubble,https://www.soccerbase.com/tournaments/tournament.sd?tourn_id=1434
soccerbase,718773,2015-07-19,CONCACAF Gold Cup,2015,default,Quarter-finals,Trinidad,Panama,Trinidad,Panama,1,49227,A Guerra,yellow,,lineup_bubble,https://www.soccerbase.com/tournaments/tournament.sd?tourn_id=1434
soccerbase,718773,2015-07-19,CONCACAF Gold Cup,2015,default,Quarter-finals,Trinidad,Panama,Panama,Trinidad,0,84701,V Pimentel,yellow,,lineup_bubble,https://www.soccerbase.com/tournaments/tournament.sd?tourn_id=1434
soccerbase,718772,2015-07-18,CONCACAF Gold Cup,2015,default,Quarter-finals,USA,Cuba,Cuba,USA,0,84710,Y Napoles,yellow,,lineup_bubble,https://www.soccerbase.com/tournaments/tournament.sd?tourn_id=1434
soccerbase,718772,2015-07-18,CONCACAF Gold Cup,2015,default,Quarter-finals,USA,Cuba,Cuba,USA,0,70560,A Horta,yellow,,lineup_bubble,https://www.soccerbase.com/tournaments/tournament.sd?tourn_id=1434
soccerbase,707056,2015-07-14,CONCACAF Gold Cup,2015,Group Stages,Group A Matches and results,Haiti,Honduras,Honduras,Haiti,0,74843,W Crisanto,yellow,,lineup_bubble,https://www.soccerbase.com/tournaments/tournament.sd?tourn_id=1434&tab=tab-1782
soccerbase,708021,2015-07-14,CONCACAF Gold Cup,2015,Group Stages,Group A Matches and results,Panama,USA,Panama,USA,1,59754,A Godoy,yellow,,lineup_bubble,https://www.soccerbase.com/tournaments/tournament.sd?tourn_id=1434&tab=tab-1782
soccerbase,708021,2015-07-14,CONCACAF Gold Cup,2015,Group Stages,Group A Matches and results,Panama,USA,USA,Panama,0,83062,V Alvarado,yellow,,lineup_bubble,https://www.soccerbase.com/tournaments/tournament.sd?tourn_id=1434&tab=tab-1782
soccerbase,708021,2015-07-14,CONCACAF Gold Cup,2015,Group Stages,Group A Matches and results,Panama,USA,USA,Panama,0,58182,T Chandler,yellow,,lineup_bubble,https://www.soccerbase.com/tournaments/tournament.sd?tourn_id=1434&tab=tab-1782
soccerbase,708021,2015-07-14,CONCACAF Gold Cup,2015,Group Stages,Group A Matches and results,Panama,USA,USA,Panama,0,60458,J Brooks,yellow,,lineup_bubble,https://www.soccerbase.com/tournaments/tournament.sd?tourn_id=1434&tab=tab-1782
soccerbase,708018,2015-07-11,CONCACAF Gold Cup,2015,Group Stages,Group A Matches and results,USA,Haiti,Haiti,USA,0,70497,J Alexandre,yellow,,lineup_bubble,https://www.soccerbase.com/tournaments/tournament.sd?tourn_id=1434&tab=tab-1782
soccerbase,708018,2015-07-11,CONCACAF Gold Cup,2015,Group Stages,Group A Matches and results,USA,Haiti,Haiti,USA,0,70322,W Guerrier,yellow,,lineup_bubble,https://www.soccerbase.com/tournaments/tournament.sd?tourn_id=1434&tab=tab-1782
soccerbase,708018,2015-07-11,CONCACAF Gold Cup,2015,Group Stages,Group A Matches and results,USA,Haiti,Haiti,USA,0,82556,D Nazon,yellow,,lineup_bubble,https://www.soccerbase.com/tournaments/tournament.sd?tourn_id=1434&tab=tab-1782
soccerbase,707565,2015-07-10,CONCACAF Gold Cup,2015,Group Stages,Group A Matches and results,Honduras,Panama,Honduras,Panama,1,59766,B Beckeles,yellow,,lineup_bubble,https://www.soccerbase.com/tournaments/tournament.sd?tourn_id=1434&tab=tab-1782
soccerbase,707565,2015-07-10,CONCACAF Gold Cup,2015,Group Stages,Group A Matches and results,Honduras,Panama,Honduras,Panama,1,63987,J Claros,yellow,,lineup_bubble,https://www.soccerbase.com/tournaments/tournament.sd?tourn_id=1434&tab=tab-1782
soccerbase,707565,2015-07-10,CONCACAF Gold Cup,2015,Group Stages,Group A Matches and results,Honduras,Panama,Panama,Honduras,0,70477,J Penedo,yellow,,lineup_bubble,https://www.soccerbase.com/tournaments/tournament.sd?tourn_id=1434&tab=tab-1782
soccerbase,707565,2015-07-10,CONCACAF Gold Cup,2015,Group Stages,Group A Matches and results,Honduras,Panama,Panama,Honduras,0,56905,L Henriquez,yellow,,lineup_bubble,https://www.soccerbase.com/tournaments/tournament.sd?tourn_id=1434&tab=tab-1782
soccerbase,707565,2015-07-10,CONCACAF Gold Cup,2015,Group Stages,Group A Matches and results,Honduras,Panama,Panama,Honduras,0,56905,L Henriquez,red,,lineup_bubble,https://www.soccerbase.com/tournaments/tournament.sd?tourn_id=1434&tab=tab-1782
soccerbase,707565,2015-07-10,CONCACAF Gold Cup,2015,Group Stages,Group A Matches and results,Honduras,Panama,Panama,Honduras,0,59761,A Machado,yellow,,lineup_bubble,https://www.soccerbase.com/tournaments/tournament.sd?tourn_id=1434&tab=tab-1782
soccerbase,707565,2015-07-10,CONCACAF Gold Cup,2015,Group Stages,Group A Matches and results,Honduras,Panama,Panama,Honduras,0,59753,A Cooper,yellow,,lineup_bubble,https://www.soccerbase.com/tournaments/tournament.sd?tourn_id=1434&tab=tab-1782
soccerbase,707565,2015-07-10,CONCACAF Gold Cup,2015,Group Stages,Group A Matches and results,Honduras,Panama,Panama,Honduras,0,31212,L Tejada,yellow,,lineup_bubble,https://www.soccerbase.com/tournaments/tournament.sd?tourn_id=1434&tab=tab-1782
soccerbase,707050,2015-07-08,CONCACAF Gold Cup,2015,Group Stages,Group A Matches and results,Panama,Haiti,Panama,Haiti,1,59761,A Machado,yellow,,lineup_bubble,https://www.soccerbase.com/tournaments/tournament.sd?tourn_id=1434&tab=tab-1782
soccerbase,707050,2015-07-08,CONCACAF Gold Cup,2015,Group Stages,Group A Matches and results,Panama,Haiti,Panama,Haiti,1,59754,A Godoy,yellow,,lineup_bubble,https://www.soccerbase.com/tournaments/tournament.sd?tourn_id=1434&tab=tab-1782
soccerbase,707050,2015-07-08,CONCACAF Gold Cup,2015,Group Stages,Group A Matches and results,Panama,Haiti,Haiti,Panama,0,70497,J Alexandre,yellow,,lineup_bubble,https://www.soccerbase.com/tournaments/tournament.sd?tourn_id=1434&tab=tab-1782
soccerbase,707050,2015-07-08,CONCACAF Gold Cup,2015,Group Stages,Group A Matches and results,Panama,Haiti,Haiti,Panama,0,62447,J Alcenat,yellow,,lineup_bubble,https://www.soccerbase.com/tournaments/tournament.sd?tourn_id=1434&tab=tab-1782
soccerbase,707564,2015-07-08,CONCACAF Gold Cup,2015,Group Stages,Group A Matches and results,USA,Honduras,USA,Honduras,1,60458,J Brooks,yellow,,lineup_bubble,https://www.soccerbase.com/tournaments/tournament.sd?tourn_id=1434&tab=tab-1782
soccerbase,707564,2015-07-08,CONCACAF Gold Cup,2015,Group Stages,Group A Matches and results,USA,Honduras,Honduras,USA,0,54745,J Palacios,yellow,,lineup_bubble,https://www.soccerbase.com/tournaments/tournament.sd?tourn_id=1434&tab=tab-1782
soccerbase,707057,2015-07-15,CONCACAF Gold Cup,2015,Group Stages: B,Group B Matches and results,Canada,Costa Rica,Canada,Costa Rica,1,70506,R Teibert,yellow,,lineup_bubble,https://www.soccerbase.com/tournaments/tournament_tab.sd?tourn_id=1434&tab_id=1782&roundTab=roundTab_1
soccerbase,707057,2015-07-15,CONCACAF Gold Cup,2015,Group Stages: B,Group B Matches and results,Canada,Costa Rica,Costa Rica,Canada,0,51618,C Borges,yellow,,lineup_bubble,https://www.soccerbase.com/tournaments/tournament_tab.sd?tourn_id=1434&tab_id=1782&roundTab=roundTab_1
soccerbase,707057,2015-07-15,CONCACAF Gold Cup,2015,Group Stages: B,Group B Matches and results,Canada,Costa Rica,Costa Rica,Canada,0,59823,D Guzman,yellow,,lineup_bubble,https://www.soccerbase.com/tournaments/tournament_tab.sd?tourn_id=1434&tab_id=1782&roundTab=roundTab_1
soccerbase,708020,2015-07-14,CONCACAF Gold Cup,2015,Group Stages: B,Group B Matches and results,Jamaica,El Salvador,Jamaica,El Salvador,1,48845,G McCleary,yellow,,lineup_bubble,https://www.soccerbase.com/tournaments/tournament_tab.sd?tourn_id=1434&tab_id=1782&roundTab=roundTab_1
soccerbase,708020,2015-07-14,CONCACAF Gold Cup,2015,Group Stages: B,Group B Matches and results,Jamaica,El Salvador,Jamaica,El Salvador,1,67201,J Watson,yellow,,lineup_bubble,https://www.soccerbase.com/tournaments/tournament_tab.sd?tourn_id=1434&tab_id=1782&roundTab=roundTab_1
soccerbase,708020,2015-07-14,CONCACAF Gold Cup,2015,Group Stages: B,Group B Matches and results,Jamaica,El Salvador,Jamaica,El Salvador,1,59644,R Austin,yellow,,lineup_bubble,https://www.soccerbase.com/tournaments/tournament_tab.sd?tourn_id=1434&tab_id=1782&roundTab=roundTab_1
soccerbase,708020,2015-07-14,CONCACAF Gold Cup,2015,Group Stages: B,Group B Matches and results,Jamaica,El Salvador,Jamaica,El Salvador,1,67204,D Mattocks,yellow,,lineup_bubble,https://www.soccerbase.com/tournaments/tournament_tab.sd?tourn_id=1434&tab_id=1782&roundTab=roundTab_1
soccerbase,708020,2015-07-14,CONCACAF Gold Cup,2015,Group Stages: B,Group B Matches and results,Jamaica,El Salvador,Jamaica,El Salvador,1,67204,D Mattocks,red,,lineup_bubble,https://www.soccerbase.com/tournaments/tournament_tab.sd?tourn_id=1434&tab_id=1782&roundTab=roundTab_1
soccerbase,708020,2015-07-14,CONCACAF Gold Cup,2015,Group Stages: B,Group B Matches and results,Jamaica,El Salvador,El Salvador,Jamaica,0,83048,Moises Garcia,yellow,,lineup_bubble,https://www.soccerbase.com/tournaments/tournament_tab.sd?tourn_id=1434&tab_id=1782&roundTab=roundTab_1
soccerbase,708020,2015-07-14,CONCACAF Gold Cup,2015,Group Stages: B,Group B Matches and results,Jamaica,El Salvador,El Salvador,Jamaica,0,82326,A Flores Mejia,yellow,,lineup_bubble,https://www.soccerbase.com/tournaments/tournament_tab.sd?tourn_id=1434&tab_id=1782&roundTab=roundTab_1
soccerbase,708020,2015-07-14,CONCACAF Gold Cup,2015,Group Stages: B,Group B Matches and results,Jamaica,El Salvador,El Salvador,Jamaica,0,76383,P Punyed,yellow,,lineup_bubble,https://www.soccerbase.com/tournaments/tournament_tab.sd?tourn_id=1434&tab_id=1782&roundTab=roundTab_1
soccerbase,707054,2015-07-12,CONCACAF Gold Cup,2015,Group Stages: B,Group B Matches and results,Costa Rica,El Salvador,Costa Rica,El Salvador,1,81805,J Venegas,yellow,,lineup_bubble,https://www.soccerbase.com/tournaments/tournament_tab.sd?tourn_id=1434&tab_id=1782&roundTab=roundTab_1
soccerbase,707054,2015-07-12,CONCACAF Gold Cup,2015,Group Stages: B,Group B Matches and results,Costa Rica,El Salvador,Costa Rica,El Salvador,1,59702,J Campbell,yellow,,lineup_bubble,https://www.soccerbase.com/tournaments/tournament_tab.sd?tourn_id=1434&tab_id=1782&roundTab=roundTab_1
soccerbase,707054,2015-07-12,CONCACAF Gold Cup,2015,Group Stages: B,Group B Matches and results,Costa Rica,El Salvador,Costa Rica,El Salvador,1,59823,D Guzman,yellow,,lineup_bubble,https://www.soccerbase.com/tournaments/tournament_tab.sd?tourn_id=1434&tab_id=1782&roundTab=roundTab_1
soccerbase,707054,2015-07-12,CONCACAF Gold Cup,2015,Group Stages: B,Group B Matches and results,Costa Rica,El Salvador,El Salvador,Costa Rica,0,76256,A Mendoza,yellow,,lineup_bubble,https://www.soccerbase.com/tournaments/tournament_tab.sd?tourn_id=1434&tab_id=1782&roundTab=roundTab_1
soccerbase,707054,2015-07-12,CONCACAF Gold Cup,2015,Group Stages: B,Group B Matches and results,Costa Rica,El Salvador,El Salvador,Costa Rica,0,70579,D Ceren,yellow,,lineup_bubble,https://www.soccerbase.com/tournaments/tournament_tab.sd?tourn_id=1434&tab_id=1782&roundTab=roundTab_1
soccerbase,707054,2015-07-12,CONCACAF Gold Cup,2015,Group Stages: B,Group B Matches and results,Costa Rica,El Salvador,El Salvador,Costa Rica,0,70581,R Menjivar,yellow,,lineup_bubble,https://www.soccerbase.com/tournaments/tournament_tab.sd?tourn_id=1434&tab_id=1782&roundTab=roundTab_1
soccerbase,707053,2015-07-11,CONCACAF Gold Cup,2015,Group Stages: B,Group B Matches and results,Jamaica,Canada,Canada,Jamaica,0,54847,N Ledgerwood,yellow,,lineup_bubble,https://www.soccerbase.com/tournaments/tournament_tab.sd?tourn_id=1434&tab_id=1782&roundTab=roundTab_1
soccerbase,707053,2015-07-11,CONCACAF Gold Cup,2015,Group Stages: B,Group B Matches and results,Jamaica,Canada,Canada,Jamaica,0,45658,D Edgar,yellow,,lineup_bubble,https://www.soccerbase.com/tournaments/tournament_tab.sd?tourn_id=1434&tab_id=1782&roundTab=roundTab_1
soccerbase,707053,2015-07-11,CONCACAF Gold Cup,2015,Group Stages: B,Group B Matches and results,Jamaica,Canada,Canada,Jamaica,0,70507,S Piette,yellow,,lineup_bubble,https://www.soccerbase.com/tournaments/tournament_tab.sd?tourn_id=1434&tab_id=1782&roundTab=roundTab_1
soccerbase,707051,2015-07-09,CONCACAF Gold Cup,2015,Group Stages: B,Group B Matches and results,Costa Rica,Jamaica,Jamaica,Costa Rica,0,67201,J Watson,yellow,,lineup_bubble,https://www.soccerbase.com/tournaments/tournament_tab.sd?tourn_id=1434&tab_id=1782&roundTab=roundTab_1
soccerbase,708016,2015-07-09,CONCACAF Gold Cup,2015,Group Stages: B,Group B Matches and results,El Salvador,Canada,El Salvador,Canada,1,70575,A Larin,yellow,,lineup_bubble,https://www.soccerbase.com/tournaments/tournament_tab.sd?tourn_id=1434&tab_id=1782&roundTab=roundTab_1
soccerbase,708016,2015-07-09,CONCACAF Gold Cup,2015,Group Stages: B,Group B Matches and results,El Salvador,Canada,Canada,El Salvador,0,54847,N Ledgerwood,yellow,,lineup_bubble,https://www.soccerbase.com/tournaments/tournament_tab.sd?tourn_id=1434&tab_id=1782&roundTab=roundTab_1
soccerbase,708016,2015-07-09,CONCACAF Gold Cup,2015,Group Stages: B,Group B Matches and results,El Salvador,Canada,Canada,El Salvador,0,70507,S Piette,yellow,,lineup_bubble,https://www.soccerbase.com/tournaments/tournament_tab.sd?tourn_id=1434&tab_id=1782&roundTab=roundTab_1
soccerbase,707058,2015-07-16,CONCACAF Gold Cup,2015,Group Stages: C,Group C Matches and results,Mexico,Trinidad,Mexico,Trinidad,1,69152,H Herrera,yellow,,lineup_bubble,https://www.soccerbase.com/tournaments/tournament_tab.sd?tourn_id=1434&tab_id=1782&roundTab=roundTab_2
soccerbase,707058,2015-07-16,CONCACAF Gold Cup,2015,Group Stages: C,Group C Matches and results,Mexico,Trinidad,Trinidad,Mexico,0,84719,M Williams,yellow,,lineup_bubble,https://www.soccerbase.com/tournaments/tournament_tab.sd?tourn_id=1434&tab_id=1782&roundTab=roundTab_2
soccerbase,707058,2015-07-16,CONCACAF Gold Cup,2015,Group Stages: C,Group C Matches and results,Mexico,Trinidad,Trinidad,Mexico,0,84703,K Cummings,yellow,,lineup_bubble,https://www.soccerbase.com/tournaments/tournament_tab.sd?tourn_id=1434&tab_id=1782&roundTab=roundTab_2
soccerbase,708022,2015-07-15,CONCACAF Gold Cup,2015,Group Stages: C,Group C Matches and results,Cuba,Guatemala,Cuba,Guatemala,1,84710,Y Napoles,yellow,,lineup_bubble,https://www.soccerbase.com/tournaments/tournament_tab.sd?tourn_id=1434&tab_id=1782&roundTab=roundTab_2
soccerbase,708022,2015-07-15,CONCACAF Gold Cup,2015,Group Stages: C,Group C Matches and results,Cuba,Guatemala,Cuba,Guatemala,1,59784,A Gomez,yellow,,lineup_bubble,https://www.soccerbase.com/tournaments/tournament_tab.sd?tourn_id=1434&tab_id=1782&roundTab=roundTab_2
soccerbase,708022,2015-07-15,CONCACAF Gold Cup,2015,Group Stages: C,Group C Matches and results,Cuba,Guatemala,Cuba,Guatemala,1,82340,J Corrales,yellow,,lineup_bubble,https://www.soccerbase.com/tournaments/tournament_tab.sd?tourn_id=1434&tab_id=1782&roundTab=roundTab_2
soccerbase,708022,2015-07-15,CONCACAF Gold Cup,2015,Group Stages: C,Group C Matches and results,Cuba,Guatemala,Cuba,Guatemala,1,84708,M Reyes,yellow,,lineup_bubble,https://www.soccerbase.com/tournaments/tournament_tab.sd?tourn_id=1434&tab_id=1782&roundTab=roundTab_2
soccerbase,708022,2015-07-15,CONCACAF Gold Cup,2015,Group Stages: C,Group C Matches and results,Cuba,Guatemala,Guatemala,Cuba,0,83886,R Morales,yellow,,lineup_bubble,https://www.soccerbase.com/tournaments/tournament_tab.sd?tourn_id=1434&tab_id=1782&roundTab=roundTab_2
soccerbase,708022,2015-07-15,CONCACAF Gold Cup,2015,Group Stages: C,Group C Matches and results,Cuba,Guatemala,Guatemala,Cuba,0,82329,Elias Vasquez,yellow,,lineup_bubble,https://www.soccerbase.com/tournaments/tournament_tab.sd?tourn_id=1434&tab_id=1782&roundTab=roundTab_2
soccerbase,707055,2015-07-13,CONCACAF Gold Cup,2015,Group Stages: C,Group C Matches and results,Guatemala,Mexico,Guatemala,Mexico,1,84903,M Hernandez,yellow,,lineup_bubble,https://www.soccerbase.com/tournaments/tournament_tab.sd?tourn_id=1434&tab_id=1782&roundTab=roundTab_2
soccerbase,707055,2015-07-13,CONCACAF Gold Cup,2015,Group Stages: C,Group C Matches and results,Guatemala,Mexico,Guatemala,Mexico,1,83886,R Morales,yellow,,lineup_bubble,https://www.soccerbase.com/tournaments/tournament_tab.sd?tourn_id=1434&tab_id=1782&roundTab=roundTab_2
soccerbase,707055,2015-07-13,CONCACAF Gold Cup,2015,Group Stages: C,Group C Matches and results,Guatemala,Mexico,Guatemala,Mexico,1,70267,J Contreras,yellow,,lineup_bubble,https://www.soccerbase.com/tournaments/tournament_tab.sd?tourn_id=1434&tab_id=1782&roundTab=roundTab_2
soccerbase,707055,2015-07-13,CONCACAF Gold Cup,2015,Group Stages: C,Group C Matches and results,Guatemala,Mexico,Guatemala,Mexico,1,70267,J Contreras,red,,lineup_bubble,https://www.soccerbase.com/tournaments/tournament_tab.sd?tourn_id=1434&tab_id=1782&roundTab=roundTab_2
soccerbase,707055,2015-07-13,CONCACAF Gold Cup,2015,Group Stages: C,Group C Matches and results,Guatemala,Mexico,Guatemala,Mexico,1,84322,J Aparicio,yellow,,lineup_bubble,https://www.soccerbase.com/tournaments/tournament_tab.sd?tourn_id=1434&tab_id=1782&roundTab=roundTab_2
soccerbase,707055,2015-07-13,CONCACAF Gold Cup,2015,Group Stages: C,Group C Matches and results,Guatemala,Mexico,Mexico,Guatemala,0,70529,M Layun,yellow,,lineup_bubble,https://www.soccerbase.com/tournaments/tournament_tab.sd?tourn_id=1434&tab_id=1782&roundTab=roundTab_2
soccerbase,707055,2015-07-13,CONCACAF Gold Cup,2015,Group Stages: C,Group C Matches and results,Guatemala,Mexico,Mexico,Guatemala,0,54583,P Aguilar,yellow,,lineup_bubble,https://www.soccerbase.com/tournaments/tournament_tab.sd?tourn_id=1434&tab_id=1782&roundTab=roundTab_2
soccerbase,708019,2015-07-12,CONCACAF Gold Cup,2015,Group Stages: C,Group C Matches and results,Trinidad,Cuba,Trinidad,Cuba,1,34756,A Boucaud,yellow,,lineup_bubble,https://www.soccerbase.com/tournaments/tournament_tab.sd?tourn_id=1434&tab_id=1782&roundTab=roundTab_2
soccerbase,708019,2015-07-12,CONCACAF Gold Cup,2015,Group Stages: C,Group C Matches and results,Trinidad,Cuba,Trinidad,Cuba,1,38455,K Jones,yellow,,lineup_bubble,https://www.soccerbase.com/tournaments/tournament_tab.sd?tourn_id=1434&tab_id=1782&roundTab=roundTab_2
soccerbase,708019,2015-07-12,CONCACAF Gold Cup,2015,Group Stages: C,Group C Matches and results,Trinidad,Cuba,Cuba,Trinidad,0,84707,A Diz Pe,yellow,,lineup_bubble,https://www.soccerbase.com/tournaments/tournament_tab.sd?tourn_id=1434&tab_id=1782&roundTab=roundTab_2
soccerbase,708019,2015-07-12,CONCACAF Gold Cup,2015,Group Stages: C,Group C Matches and results,Trinidad,Cuba,Cuba,Trinidad,0,70562,A Martinez,yellow,,lineup_bubble,https://www.soccerbase.com/tournaments/tournament_tab.sd?tourn_id=1434&tab_id=1782&roundTab=roundTab_2
soccerbase,708017,2015-07-10,CONCACAF Gold Cup,2015,Group Stages: C,Group C Matches and results,Trinidad,Guatemala,Trinidad,Guatemala,1,52172,R Abu Bakr,yellow,,lineup_bubble,https://www.soccerbase.com/tournaments/tournament_tab.sd?tourn_id=1434&tab_id=1782&roundTab=roundTab_2
soccerbase,708017,2015-07-10,CONCACAF Gold Cup,2015,Group Stages: C,Group C Matches and results,Trinidad,Guatemala,Trinidad,Guatemala,1,70266,D Cyrus,yellow,,lineup_bubble,https://www.soccerbase.com/tournaments/tournament_tab.sd?tourn_id=1434&tab_id=1782&roundTab=roundTab_2
soccerbase,708017,2015-07-10,CONCACAF Gold Cup,2015,Group Stages: C,Group C Matches and results,Trinidad,Guatemala,Trinidad,Guatemala,1,34756,A Boucaud,yellow,,lineup_bubble,https://www.soccerbase.com/tournaments/tournament_tab.sd?tourn_id=1434&tab_id=1782&roundTab=roundTab_2
soccerbase,708017,2015-07-10,CONCACAF Gold Cup,2015,Group Stages: C,Group C Matches and results,Trinidad,Guatemala,Trinidad,Guatemala,1,49221,K Hyland,yellow,,lineup_bubble,https://www.soccerbase.com/tournaments/tournament_tab.sd?tourn_id=1434&tab_id=1782&roundTab=roundTab_2
soccerbase,708017,2015-07-10,CONCACAF Gold Cup,2015,Group Stages: C,Group C Matches and results,Trinidad,Guatemala,Guatemala,Trinidad,0,83077,W Lalin,yellow,,lineup_bubble,https://www.soccerbase.com/tournaments/tournament_tab.sd?tourn_id=1434&tab_id=1782&roundTab=roundTab_2
soccerbase,708017,2015-07-10,CONCACAF Gold Cup,2015,Group Stages: C,Group C Matches and results,Trinidad,Guatemala,Guatemala,Trinidad,0,29925,C Ruiz,yellow,,lineup_bubble,https://www.soccerbase.com/tournaments/tournament_tab.sd?tourn_id=1434&tab_id=1782&roundTab=roundTab_2
