source,soccerbase_game_id,date,competition,season,tab,stage,home_team,away_team,home_possession,away_possession,home_shots_on_target,away_shots_on_target,home_shots_off_target,away_shots_off_target,home_corners,away_corners,stats_source,source_url
soccerbase,878857,2023-07-03,CONCACAF Gold Cup,2023,default,Group A Matches and results,Jamaica,St Kitts and Nev,67.0,33.0,6,2,7,3,7,1,additional_information,https://www.soccerbase.com/tournaments/tournament.sd?tourn_id=2015
soccerbase,878856,2023-07-03,CONCACAF Gold Cup,2023,default,Group A Matches and results,USA,Trinidad,66.4,33.6,8,3,11,6,5,4,additional_information,https://www.soccerbase.com/tournaments/tournament.sd?tourn_id=2015
soccerbase,878854,2023-06-29,CONCACAF Gold Cup,2023,default,Group A Matches and results,Jamaica,Trinidad,53.4,46.6,6,1,7,2,2,0,additional_information,https://www.soccerbase.com/tournaments/tournament.sd?tourn_id=2015
soccerbase,878855,2023-06-29,CONCACAF Gold Cup,2023,default,Group A Matches and results,St Kitts and Nev,USA,33.8,66.2,0,15,1,12,1,8,additional_information,https://www.soccerbase.com/tournaments/tournament.sd?tourn_id=2015
soccerbase,878853,2023-06-25,CONCACAF Gold Cup,2023,default,Group A Matches and results,Trinidad,St Kitts and Nev,65.5,34.5,4,1,5,3,8,8,additional_information,https://www.soccerbase.com/tournaments/tournament.sd?tourn_id=2015
soccerbase,878852,2023-06-25,CONCACAF Gold Cup,2023,default,Group A Matches and results,USA,Jamaica,67.8,32.2,4,3,7,1,5,2,additional_information,https://www.soccerbase.com/tournaments/tournament.sd?tourn_id=2015
soccerbase,878862,2023-07-03,CONCACAF Gold Cup,2023,default: B,Group B Matches and results,Honduras,Haiti,54.9,45.1,7,7,7,10,2,9,additional_information,https://www.soccerbase.com/tournaments/tournament_tab.sd?tourn_id=2015&tab_id=2446&roundTab=roundTab_1
soccerbase,878863,2023-07-03,CONCACAF Gold Cup,2023,default: B,Group B Matches and results,Mexico,Qatar,76.6,23.4,6,1,12,0,8,0,additional_information,https://www.soccerbase.com/tournaments/tournament_tab.sd?tourn_id=2015&tab_id=2446&roundTab=roundTab_1
soccerbase,878861,2023-06-30,CONCACAF Gold Cup,2023,default: B,Group B Matches and results,Haiti,Mexico,35.2,64.8,2,10,3,11,6,9,additional_information,https://www.soccerbase.com/tournaments/tournament_tab.sd?tourn_id=2015&tab_id=2446&roundTab=roundTab_1
soccerbase,878860,2023-06-30,CONCACAF Gold Cup,2023,default: B,Group B Matches and results,Qatar,Honduras,34.9,65.1,3,4,1,8,1,6,additional_information,https://www.soccerbase.com/tournaments/tournament_tab.sd?tourn_id=2015&tab_id=2446&roundTab=roundTab_1
soccerbase,878859,2023-06-26,CONCACAF Gold Cup,2023,default: B,Group B Matches and results,Mexico,Honduras,54.4,45.6,6,1,5,2,4,5,additional_information,https://www.soccerbase.com/tournaments/tournament_tab.sd?tourn_id=2015&tab_id=2446&roundTab=roundTab_1
soccerbase,878858,2023-06-25,CONCACAF Gold Cup,2023,default: B,Group B Matches and results,Haiti,Qatar,49.6,50.4,3,2,8,4,4,1,additional_information,https://www.soccerbase.com/tournaments/tournament_tab.sd?tourn_id=2015&tab_id=2446&roundTab=roundTab_1
soccerbase,878868,2023-07-05,CONCACAF Gold Cup,2023,default: C,Group C Matches and results,Costa Rica,Martinique,55.9,44.1,8,6,3,5,4,5,additional_information,https://www.soccerbase.com/tournaments/tournament_tab.sd?tourn_id=2015&tab_id=2446&roundTab=roundTab_2
soccerbase,878869,2023-07-05,CONCACAF Gold Cup,2023,default: C,Group C Matches and results,Panama,El Salvador,59.4,40.6,2,3,10,4,6,7,additional_information,https://www.soccerbase.com/tournaments/tournament_tab.sd?tourn_id=2015&tab_id=2446&roundTab=roundTab_2
soccerbase,878867,2023-07-01,CONCACAF Gold Cup,2023,default: C,Group C Matches and results,El Salvador,Costa Rica,47.6,52.4,2,3,3,7,3,3,additional_information,https://www.soccerbase.com/tournaments/tournament_tab.sd?tourn_id=2015&tab_id=2446&roundTab=roundTab_2
soccerbase,878866,2023-06-30,CONCACAF Gold Cup,2023,default: C,Group C Matches and results,Martinique,Panama,30.4,69.6,3,5,4,7,2,9,additional_information,https://www.soccerbase.com/tournaments/tournament_tab.sd?tourn_id=2015&tab_id=2446&roundTab=roundTab_2
soccerbase,878865,2023-06-27,CONCACAF Gold Cup,2023,default: C,Group C Matches and results,Costa Rica,Panama,38.8,61.2,4,10,1,4,1,5,additional_information,https://www.soccerbase.com/tournaments/tournament_tab.sd?tourn_id=2015&tab_id=2446&roundTab=roundTab_2
soccerbase,878864,2023-06-26,CONCACAF Gold Cup,2023,default: C,Group C Matches and results,El Salvador,Martinique,65.0,35.0,10,4,10,1,7,4,additional_information,https://www.soccerbase.com/tournaments/tournament_tab.sd?tourn_id=2015&tab_id=2446&roundTab=roundTab_2
soccerbase,878882,2023-07-17,CONCACAF Gold Cup,2023,Knockout Stages,Final,Mexico,Panama,51.7,48.3,7,2,6,7,2,1,additional_information,https://www.soccerbase.com/tournaments/tournament.sd?tourn_id=2015&tab=tab-2445
soccerbase,878880,2023-07-13,CONCACAF Gold Cup,2023,Knockout Stages,Semi-finals,Jamaica,Mexico,44.8,55.2,3,5,4,3,3,8,additional_information,https://www.soccerbase.com/tournaments/tournament.sd?tourn_id=2015&tab=tab-2445
soccerbase,878881,2023-07-13,CONCACAF Gold Cup,2023,Knockout Stages,Semi-finals,USA,Panama,44.4,55.6,3,5,8,4,2,3,additional_information,https://www.soccerbase.com/tournaments/tournament.sd?tourn_id=2015&tab=tab-2445
soccerbase,878879,2023-07-10,CONCACAF Gold Cup,2023,Knockout Stages,Quarter-finals,USA,Canada,68.0,32.0,8,2,4,1,5,3,additional_information,https://www.soccerbase.com/tournaments/tournament.sd?tourn_id=2015&tab=tab-2445
soccerbase,878878,2023-07-09,CONCACAF Gold Cup,2023,Knockout Stages,Quarter-finals,Guatemala,Jamaica,56.6,43.4,6,3,3,9,1,6,additional_information,https://www.soccerbase.com/tournaments/tournament.sd?tourn_id=2015&tab=tab-2445
soccerbase,878877,2023-07-09,CONCACAF Gold Cup,2023,Knockout Stages,Quarter-finals,Mexico,Costa Rica,51.0,49.0,8,1,4,5,4,7,additional_information,https://www.soccerbase.com/tournaments/tournament.sd?tourn_id=2015&tab=tab-2445
soccerbase,878876,2023-07-09,CONCACAF Gold Cup,2023,Knockout Stages,Quarter-finals,Panama,Qatar,61.9,38.1,6,1,7,3,3,5,additional_information,https://www.soccerbase.com/tournaments/tournament.sd?tourn_id=2015&tab=tab-2445
soccerbase,784533,2019-06-24,CONCACAF Gold Cup,2019,default,Group A Matches and results,Martinique,Mexico,,,,,,,,,additional_information_no_stats,https://www.soccerbase.com/tournaments/tournament.sd?tourn_id=1703
soccerbase,784532,2019-06-23,CONCACAF Gold Cup,2019,default,Group A Matches and results,Canada,Cuba,,,,,,,,,additional_information_no_stats,https://www.soccerbase.com/tournaments/tournament.sd?tourn_id=1703
soccerbase,784526,2019-06-20,CONCACAF Gold Cup,2019,default,Group A Matches and results,Cuba,Martinique,,,,,,,,,additional_information_no_stats,https://www.soccerbase.com/tournaments/tournament.sd?tourn_id=1703
soccerbase,784527,2019-06-20,CONCACAF Gold Cup,2019,default,Group A Matches and results,Mexico,Canada,,,,,,,,,additional_information_no_stats,https://www.soccerbase.com/tournaments/tournament.sd?tourn_id=1703
soccerbase,784520,2019-06-16,CONCACAF Gold Cup,2019,default,Group A Matches and results,Canada,Martinique,,,,,,,,,additional_information_no_stats,https://www.soccerbase.com/tournaments/tournament.sd?tourn_id=1703
soccerbase,784521,2019-06-16,CONCACAF Gold Cup,2019,default,Group A Matches and results,Mexico,Cuba,,,,,,,,,additional_information_no_stats,https://www.soccerbase.com/tournaments/tournament.sd?tourn_id=1703
soccerbase,784535,2019-06-25,CONCACAF Gold Cup,2019,default: B,Group B Matches and results,Haiti,Costa Rica,,,,,,,,,additional_information_no_stats,https://www.soccerbase.com/tournaments/tournament_tab.sd?tourn_id=1703&tab_id=2091&roundTab=roundTab_1
soccerbase,784534,2019-06-24,CONCACAF Gold Cup,2019,default: B,Group B Matches and results,Bermuda,Nicaragua,,,,,,,,,additional_information_no_stats,https://www.soccerbase.com/tournaments/tournament_tab.sd?tourn_id=1703&tab_id=2091&roundTab=roundTab_1
soccerbase,784529,2019-06-21,CONCACAF Gold Cup,2019,default: B,Group B Matches and results,Costa Rica,Bermuda,,,,,,,,,additional_information_no_stats,https://www.soccerbase.com/tournaments/tournament_tab.sd?tourn_id=1703&tab_id=2091&roundTab=roundTab_1
soccerbase,784528,2019-06-21,CONCACAF Gold Cup,2019,default: B,Group B Matches and results,Nicaragua,Haiti,,,,,,,,,additional_information_no_stats,https://www.soccerbase.com/tournaments/tournament_tab.sd?tourn_id=1703&tab_id=2091&roundTab=roundTab_1
soccerbase,784523,2019-06-17,CONCACAF Gold Cup,2019,default: B,Group B Matches and results,Costa Rica,Nicaragua,,,,,,,,,additional_information_no_stats,https://www.soccerbase.com/tournaments/tournament_tab.sd?tourn_id=1703&tab_id=2091&roundTab=roundTab_1
soccerbase,784522,2019-06-16,CONCACAF Gold Cup,2019,default: B,Group B Matches and results,Haiti,Bermuda,,,,,,,,,additional_information_no_stats,https://www.soccerbase.com/tournaments/tournament_tab.sd?tourn_id=1703&tab_id=2091&roundTab=roundTab_1
soccerbase,784537,2019-06-26,CONCACAF Gold Cup,2019,default: C,Group C Matches and results,Honduras,El Salvador,,,,,,,,,additional_information_no_stats,https://www.soccerbase.com/tournaments/tournament_tab.sd?tourn_id=1703&tab_id=2091&roundTab=roundTab_2
soccerbase,784536,2019-06-26,CONCACAF Gold Cup,2019,default: C,Group C Matches and results,Jamaica,Curacao,,,,,,,,,additional_information_no_stats,https://www.soccerbase.com/tournaments/tournament_tab.sd?tourn_id=1703&tab_id=2091&roundTab=roundTab_2
soccerbase,784530,2019-06-22,CONCACAF Gold Cup,2019,default: C,Group C Matches and results,El Salvador,Jamaica,,,,,,,,,additional_information_no_stats,https://www.soccerbase.com/tournaments/tournament_tab.sd?tourn_id=1703&tab_id=2091&roundTab=roundTab_2
soccerbase,784531,2019-06-22,CONCACAF Gold Cup,2019,default: C,Group C Matches and results,Honduras,Curacao,,,,,,,,,additional_information_no_stats,https://www.soccerbase.com/tournaments/tournament_tab.sd?tourn_id=1703&tab_id=2091&roundTab=roundTab_2
soccerbase,784524,2019-06-18,CONCACAF Gold Cup,2019,default: C,Group C Matches and results,Curacao,El Salvador,,,,,,,,,additional_information_no_stats,https://www.soccerbase.com/tournaments/tournament_tab.sd?tourn_id=1703&tab_id=2091&roundTab=roundTab_2
soccerbase,784525,2019-06-18,CONCACAF Gold Cup,2019,default: C,Group C Matches and results,Jamaica,Honduras,,,,,,,,,additional_information_no_stats,https://www.soccerbase.com/tournaments/tournament_tab.sd?tourn_id=1703&tab_id=2091&roundTab=roundTab_2
soccerbase,784544,2019-07-08,CONCACAF Gold Cup,2019,Knockout Stages,Final,Mexico,USA,,,,,,,,,additional_information_no_stats,https://www.soccerbase.com/tournaments/tournament.sd?tourn_id=1703&tab=tab-2090
soccerbase,784543,2019-07-04,CONCACAF Gold Cup,2019,Knockout Stages,Semi-finals,Jamaica,USA,,,,,,,,,additional_information_no_stats,https://www.soccerbase.com/tournaments/tournament.sd?tourn_id=1703&tab=tab-2090
soccerbase,784542,2019-07-03,CONCACAF Gold Cup,2019,Knockout Stages,Semi-finals,Haiti,Mexico,,,,,,,,,additional_information_no_stats,https://www.soccerbase.com/tournaments/tournament.sd?tourn_id=1703&tab=tab-2090
soccerbase,784541,2019-07-01,CONCACAF Gold Cup,2019,Knockout Stages,Quarter-finals,USA,Curacao,,,,,,,,,additional_information_no_stats,https://www.soccerbase.com/tournaments/tournament.sd?tourn_id=1703&tab=tab-2090
soccerbase,784538,2019-06-30,CONCACAF Gold Cup,2019,Knockout Stages,Quarter-finals,Haiti,Canada,,,,,,,,,additional_information_no_stats,https://www.soccerbase.com/tournaments/tournament.sd?tourn_id=1703&tab=tab-2090
soccerbase,784540,2019-06-30,CONCACAF Gold Cup,2019,Knockout Stages,Quarter-finals,Jamaica,Panama,,,,,,,,,additional_information_no_stats,https://www.soccerbase.com/tournaments/tournament.sd?tourn_id=1703&tab=tab-2090
soccerbase,784539,2019-06-30,CONCACAF Gold Cup,2019,Knockout Stages,Quarter-finals,Mexico,Costa Rica,,,,,,,,,additional_information_no_stats,https://www.soccerbase.com/tournaments/tournament.sd?tourn_id=1703&tab=tab-2090
soccerbase,707957,2015-07-27,CONCACAF Gold Cup,2015,default,Final,Jamaica,Mexico,,,,,,,,,additional_information_no_stats,https://www.soccerbase.com/tournaments/tournament.sd?tourn_id=1434
soccerbase,707956,2015-07-25,CONCACAF Gold Cup,2015,default,3rd/4th Place play-off,USA,Panama,,,,,,,,,additional_information_no_stats,https://www.soccerbase.com/tournaments/tournament.sd?tourn_id=1434
soccerbase,708024,2015-07-23,CONCACAF Gold Cup,2015,default,Semi-finals,Panama,Mexico,,,,,,,,,additional_information_no_stats,https://www.soccerbase.com/tournaments/tournament.sd?tourn_id=1434
soccerbase,707955,2015-07-22,CONCACAF Gold Cup,2015,default,Semi-finals,USA,Jamaica,,,,,,,,,additional_information_no_stats,https://www.soccerbase.com/tournaments/tournament.sd?tourn_id=1434
soccerbase,708023,2015-07-20,CONCACAF Gold Cup,2015,default,Quarter-finals,Mexico,Costa Rica,,,,,,,,,additional_information_no_stats,https://www.soccerbase.com/tournaments/tournament.sd?tourn_id=1434
soccerbase,707954,2015-07-19,CONCACAF Gold Cup,2015,default,Quarter-finals,Haiti,Jamaica,,,,,,,,,additional_information_no_stats,https://www.soccerbase.com/tournaments/tournament.sd?tourn_id=1434
soccerbase,718773,2015-07-19,CONCACAF Gold Cup,2015,default,Quarter-finals,Trinidad,Panama,,,,,,,,,additional_information_no_stats,https://www.soccerbase.com/tournaments/tournament.sd?tourn_id=1434
soccerbase,718772,2015-07-18,CONCACAF Gold Cup,2015,default,Quarter-finals,USA,Cuba,,,,,,,,,additional_information_no_stats,https://www.soccerbase.com/tournaments/tournament.sd?tourn_id=1434
soccerbase,707056,2015-07-14,CONCACAF Gold Cup,2015,Group Stages,Group A Matches and results,Haiti,Honduras,,,,,,,,,additional_information_no_stats,https://www.soccerbase.com/tournaments/tournament.sd?tourn_id=1434&tab=tab-1782
soccerbase,708021,2015-07-14,CONCACAF Gold Cup,2015,Group Stages,Group A Matches and results,Panama,USA,,,,,,,,,additional_information_no_stats,https://www.soccerbase.com/tournaments/tournament.sd?tourn_id=1434&tab=tab-1782
soccerbase,708018,2015-07-11,CONCACAF Gold Cup,2015,Group Stages,Group A Matches and results,USA,Haiti,,,,,,,,,additional_information_no_stats,https://www.soccerbase.com/tournaments/tournament.sd?tourn_id=1434&tab=tab-1782
soccerbase,707565,2015-07-10,CONCACAF Gold Cup,2015,Group Stages,Group A Matches and results,Honduras,Panama,,,,,,,,,additional_information_no_stats,https://www.soccerbase.com/tournaments/tournament.sd?tourn_id=1434&tab=tab-1782
soccerbase,707050,2015-07-08,CONCACAF Gold Cup,2015,Group Stages,Group A Matches and results,Panama,Haiti,,,,,,,,,additional_information_no_stats,https://www.soccerbase.com/tournaments/tournament.sd?tourn_id=1434&tab=tab-1782
soccerbase,707564,2015-07-08,CONCACAF Gold Cup,2015,Group Stages,Group A Matches and results,USA,Honduras,,,,,,,,,additional_information_no_stats,https://www.soccerbase.com/tournaments/tournament.sd?tourn_id=1434&tab=tab-1782
soccerbase,707057,2015-07-15,CONCACAF Gold Cup,2015,Group Stages: B,Group B Matches and results,Canada,Costa Rica,,,,,,,,,additional_information_no_stats,https://www.soccerbase.com/tournaments/tournament_tab.sd?tourn_id=1434&tab_id=1782&roundTab=roundTab_1
soccerbase,708020,2015-07-14,CONCACAF Gold Cup,2015,Group Stages: B,Group B Matches and results,Jamaica,El Salvador,,,,,,,,,additional_information_no_stats,https://www.soccerbase.com/tournaments/tournament_tab.sd?tourn_id=1434&tab_id=1782&roundTab=roundTab_1
soccerbase,707054,2015-07-12,CONCACAF Gold Cup,2015,Group Stages: B,Group B Matches and results,Costa Rica,El Salvador,,,,,,,,,additional_information_no_stats,https://www.soccerbase.com/tournaments/tournament_tab.sd?tourn_id=1434&tab_id=1782&roundTab=roundTab_1
soccerbase,707053,2015-07-11,CONCACAF Gold Cup,2015,Group Stages: B,Group B Matches and results,Jamaica,Canada,,,,,,,,,additional_information_no_stats,https://www.soccerbase.com/tournaments/tournament_tab.sd?tourn_id=1434&tab_id=1782&roundTab=roundTab_1
soccerbase,707051,2015-07-09,CONCACAF Gold Cup,2015,Group Stages: B,Group B Matches and results,Costa Rica,Jamaica,,,,,,,,,additional_information_no_stats,https://www.soccerbase.com/tournaments/tournament_tab.sd?tourn_id=1434&tab_id=1782&roundTab=roundTab_1
soccerbase,708016,2015-07-09,CONCACAF Gold Cup,2015,Group Stages: B,Group B Matches and results,El Salvador,Canada,,,,,,,,,additional_information_no_stats,https://www.soccerbase.com/tournaments/tournament_tab.sd?tourn_id=1434&tab_id=1782&roundTab=roundTab_1
soccerbase,707058,2015-07-16,CONCACAF Gold Cup,2015,Group Stages: C,Group C Matches and results,Mexico,Trinidad,,,,,,,,,additional_information_no_stats,https://www.soccerbase.com/tournaments/tournament_tab.sd?tourn_id=1434&tab_id=1782&roundTab=roundTab_2
soccerbase,708022,2015-07-15,CONCACAF Gold Cup,2015,Group Stages: C,Group C Matches and results,Cuba,Guatemala,,,,,,,,,additional_information_no_stats,https://www.soccerbase.com/tournaments/tournament_tab.sd?tourn_id=1434&tab_id=1782&roundTab=roundTab_2
soccerbase,707055,2015-07-13,CONCACAF Gold Cup,2015,Group Stages: C,Group C Matches and results,Guatemala,Mexico,,,,,,,,,additional_information_no_stats,https://www.soccerbase.com/tournaments/tournament_tab.sd?tourn_id=1434&tab_id=1782&roundTab=roundTab_2
soccerbase,708019,2015-07-12,CONCACAF Gold Cup,2015,Group Stages: C,Group C Matches and results,Trinidad,Cuba,,,,,,,,,additional_information_no_stats,https://www.soccerbase.com/tournaments/tournament_tab.sd?tourn_id=1434&tab_id=1782&roundTab=roundTab_2
soccerbase,707052,2015-07-10,CONCACAF Gold Cup,2015,Group Stages: C,Group C Matches and results,Mexico,Cuba,,,,,,,,,additional_information_no_stats,https://www.soccerbase.com/tournaments/tournament_tab.sd?tourn_id=1434&tab_id=1782&roundTab=roundTab_2
soccerbase,708017,2015-07-10,CONCACAF Gold Cup,2015,Group Stages: C,Group C Matches and results,Trinidad,Guatemala,,,,,,,,,additional_information_no_stats,https://www.soccerbase.com/tournaments/tournament_tab.sd?tourn_id=1434&tab_id=1782&roundTab=roundTab_2
